España,,,,,,,,,,,
"Actualizado: jueves, 02 enero 2014 a las 09:00 hora oficial",,,,,,,,,,,
"Fecha: miércoles, 01 enero 2014",,,,,,,,,,,
,,,,,,,,,,,
Estación,Provincia,Temperatura máxima (ºC),Temperatura mínima (ºC),Temperatura media (ºC),Racha (km/h),Velocidad máxima (km/h),Precipitación 00-24h (mm),Precipitación 00-06h (mm),Precipitación 06-12h (mm),Precipitación 12-18h (mm),Precipitación 18-24h (mm)
Estaca de Bares,A Coruña,14.5 (12:20),10.0 (00:00),12.3,133 (14:40),92 (13:00),3,0,0.4,2.4,0.2
As Pontes,A Coruña,11.9 (18:30),7.8 (00:10),9.8,,,,,,,
A Coruña,A Coruña,14.7 (11:50),10.8 (00:00),12.8,83 (14:20),40 (12:00),8.4,0,2.2,6.2,0
A Coruña Aeropuerto,A Coruña,14.7 (18:10),9.6 (00:50),12.2,98 (14:20),50 (14:20),4.9,0,1.3,2.8,0.8
"Carballo, Depuradora",A Coruña,,,,,,,,,,
Cabo Vilan,A Coruña,,,,,,,,,,
Vimianzo,A Coruña,12.1 (17:40),9.3 (00:00),10.7,,,41.2,1.8,13,26.4,0
Fisterra,A Coruña,12.6 (17:30),10.3 (00:00),11.5,122 (13:10),87 (12:20),11.4,0.8,4,6.6,0
Mazaricos,A Coruña,12.0 (17:40),9.2 (00:00),10.6,,,49.4,2,11.4,35.4,0.6
Sobrado,A Coruña,10.8 (19:30),7.0 (01:10),8.9,,,31.8,0.6,5.8,16.8,8.6
Santiago de Compostela Aeropuerto,A Coruña,12.0 (18:50),8.3 (00:10),10.2,95 (14:00),50 (14:00),43.8,2,14.9,19.3,7.6
Noia,A Coruña,13.6 (18:20),10.8 (00:00),12.2,82 (17:50),29 (15:00),31,0.8,7.8,17,5.4
Boiro,A Coruña,14.4 (20:30),10.7 (00:00),12.5,,,40.6,4.2,14,18.2,4.2
Padrón,A Coruña,13.9 (18:50),10.1 (00:00),12,94 (13:50),42 (13:50),38.9,0.9,15,18,5
Santiago de Compostela,A Coruña,,,,,,,,28.4,22.3,8.6
"Rois, Casas do Porto",A Coruña,12.5 (18:40),9.7 (00:00),11.1,,,81.8,5.6,25.6,40.2,10.4
Ossa de Montiel,Albacete,9.8 (13:30),3.9 (03:40),6.9,36 (23:20),18 (21:40),1.4,0.4,1,0,0
Villarrobledo,Albacete,,,,33 (16:00),15 (16:00),0.2,0,0.2,0,0
Munera,Albacete,10.3 (13:50),4.3 (06:20),7.3,36 (22:00),15 (18:40),0.4,0.2,0.2,0,0
"Yeste, Embalse Fuensanta",Albacete,13.9 (14:00),8.5 (02:10),11.2,,,0,0,0,0,0
Yeste,Albacete,13.2 (14:00),7.1 (00:50),10.1,,,0,0,0,0,0
Hellín,Albacete,15.4 (15:10),7.4 (00:30),11.4,38 (14:30),23 (14:30),0,0,0,0,0
Tobarra,Albacete,15.8 (15:20),6.1 (00:00),11,,,0,0,0,0,0
Chinchilla,Albacete,10.5 (15:30),3.9 (07:30),7.2,38 (16:00),24 (14:30),0,0,0,0,0
Albacete,Albacete,12.6 (13:50),5.5 (04:10),9.1,30 (22:00),14 (15:40),0,0,0,0,0
Alcalá del Júcar,Albacete,11.7 (16:00),4.4 (02:00),8,34 (17:00),17 (17:00),0,0,0,0,0
Almansa,Albacete,,,,,,,0,0,,
Orihuela,Alacant/Alicante,18.5 (15:10),5.7 (01:20),12.1,15 (12:50),8 (13:00),0,0,0,0,0
Pinoso,Alacant/Alicante,16.0 (14:20),6.5 (00:00),11.3,31 (04:30),15 (04:30),0,0,0,0,0
Rojales,Alacant/Alicante,19.3 (14:20),7.1 (03:10),13.2,26 (18:40),15 (15:50),0,0,0,0,0
Villena,Alacant/Alicante,16.2 (14:40),6.4 (00:50),11.3,34 (12:40),23 (13:00),0,0,0,0,0
Novelda,Alacant/Alicante,18.9 (14:10),11.3 (09:40),15.1,,,0,0,0,0,0
Elche/Elx,Alacant/Alicante,19.2 (14:20),8.6 (02:10),13.9,,,0,0,0,0,0
Alicante/Alacant Aeropuerto,Alacant/Alicante,18.6 (14:30),9.0 (04:00),13.8,33 (01:20),22 (01:30),0,0,0,0,0
Alicante/Alacant,Alacant/Alicante,20.4 (13:00),9.6 (00:00),15,34 (00:20),14 (00:20),0,0,0,0,0
Jávea/ Xàbia,Alacant/Alicante,20.8 (14:00),6.7 (00:10),13.7,26 (14:30),14 (19:20),0,0,0,0,0
Pego,Alacant/Alicante,19.2 (14:00),9.7 (08:40),14.5,42 (00:10),28 (00:10),0,0,0,0,0
Alcoy/Alcoi,Alacant/Alicante,15.5 (14:30),8.8 (01:30),12.2,35 (13:30),19 (22:40),0,0,0,0,0
Vélez Blanco,Almería,10.7 (15:00),1.9 (07:00),6.3,,,0,0,0,0,0
Adra,Almería,17.9 (13:40),11.1 (08:40),14.5,28 (22:50),16 (22:30),0,0,0,0,0
El Ejido,Almería,20.9 (13:50),9.4 (08:50),15.1,,,0,0,0,0,0
Roquetas de Mar,Almería,17.3 (15:10),8.0 (06:40),12.6,55 (22:40),30 (23:10),0,0,0,0,0
Abla,Almería,17.8 (14:10),6.6 (08:00),12.2,22 (17:50),9 (06:20),0,0,0,0,0
Láujar de Andarax,Almería,12.8 (12:30),5.3 (23:00),9.1,40 (15:00),29 (15:00),0,0,0,0,0
Almería Aeropuerto,Almería,17.7 (15:20),8.9 (02:30),13.3,15 (05:00),11 (08:10),0,0,0,0,0
Cabo de Gata,Almería,18.5 (14:00),12.8 (06:00),15.7,37 (23:40),24 (17:20),0,0,0,0,0
"Garrucha, Puerto",Almería,17.7 (11:10),9.5 (06:10),13.6,34 (14:50),31 (15:00),0,0,0,0,0
Albox,Almería,21.3 (15:00),9.8 (01:10),15.5,35 (00:10),26 (01:00),0,0,0,0,0
Huercal Overa,Almería,,,,,,,0,,,
Alborán,Almería,,,,,,,,,,
Aramaio,Araba/Álava,10.9 (20:50),6.8 (02:00),8.8,,,0.6,0,0,0.2,0.4
Amurrio,Araba/Álava,14.7 (20:20),8.5 (01:30),11.6,72 (18:30),36 (18:30),0.6,0,0,0.4,0.2
Lalastra,Araba/Álava,8.4 (23:10),5.7 (07:30),7,59 (07:20),35 (08:30),0.2,0,0,0.2,0
Opakua,Araba/Álava,11.3 (23:40),7.9 (17:40),9.6,50 (19:20),28 (18:30),3.2,0,0,3,0.2
Vitoria Gasteiz Aeropuerto,Araba/Álava,12.0 (21:00),7.0 (01:00),9.5,68 (21:30),44 (23:10),0.3,0,0,0,0.3
Labastida,Araba/Álava,11.2 (23:59),4.7 (07:00),7.9,29 (19:10),15 (23:59),0,0,0,0,0
Leza,Araba/Álava,8.2 (23:10),2.9 (02:30),5.5,,,0.2,0,0,0.2,0
Campezo/Kanpezu,Araba/Álava,6.8 (23:59),2.6 (09:10),4.7,,,0.8,0,0,0.6,0.2
Cabrales,Asturias,17.1 (19:50),5.3 (06:00),11.2,93 (18:20),57 (13:40),0.2,0,0.2,0,0
Llanes,Asturias,18.8 (21:30),7.4 (07:20),13.1,54 (21:30),24 (22:20),0.4,0,0,0,0.4
"Amieva, Panizales",Asturias,15.9 (19:40),4.8 (05:40),10.3,69 (12:50),33 (07:40),0,0,0,0,0
Piloña,Asturias,17.4 (16:00),3.8 (08:10),10.6,62 (21:10),31 (14:50),1,0.2,0,0,0.8
Colunga,Asturias,18.9 (17:00),7.2 (05:20),13,45 (21:20),21 (21:20),0.6,0,0,0,0.6
"Gijón, Campus",Asturias,17.4 (19:50),3.3 (05:50),10.3,41 (23:50),18 (23:50),0.4,0,0,0,0.4
Cabo Peñas,Asturias,16.9 (15:00),8.7 (03:10),12.8,87 (23:50),47 (16:30),0.8,0,0.1,0.2,0.5
Asturias Aeropuerto,Asturias,17.0 (14:30),7.7 (05:10),12.3,100 (16:50),49 (16:50),0.5,0,0,0,0.5
Puerto de Pajares,Asturias,5.4 (23:30),1.3 (09:50),3.4,78 (14:10),39 (14:40),14.4,0.1,3.7,5.6,5
Pola de Lena,Asturias,,,,,,,0,0,0,
Aller,Asturias,12.2 (12:40),4.5 (00:40),8.3,56 (19:10),14 (14:30),1.4,0,0,0.8,0.6
Mieres,Asturias,20.8 (15:40),6.3 (07:50),13.5,53 (15:10),17 (15:10),0.8,0,0,0,0.8
Oviedo,Asturias,18.6 (16:10),4.8 (06:40),11.7,65 (23:59),36 (15:10),0.8,0,0,0,0.8
"Tineo, Soto de la Barca",Asturias,16.1 (13:30),7.3 (00:20),11.7,42 (19:00),13 (13:50),2,0,0.4,0,1.6
Pola de Somiedo,Asturias,12.2 (16:00),7.2 (00:00),9.7,65 (13:10),27 (13:10),7,0,0.4,1,5.6
Salas,Asturias,17.1 (14:50),6.1 (02:50),11.6,81 (16:40),44 (15:30),1,0,0,0,1
Cabo Busto,Asturias,17.6 (15:30),12.2 (00:00),14.9,,,8.4,0,0,6.8,1.6
Degaña,Asturias,,,,,,,0.6,5.2,,
"Ibias, San Antolin",Asturias,9.7 (12:20),6.6 (00:00),8.1,99 (14:40),65 (14:50),12.6,0,1,1.6,10
"Villayón, Oneta",Asturias,13.4 (15:20),8.6 (00:00),11,91 (15:40),45 (15:00),2,0.2,0.2,0.6,1
Figueras de Castropol,Asturias,16.1 (14:10),10.3 (00:00),13.2,76 (15:20),44 (18:30),1.8,0,0,0.3,1.5
"Taramundi, Ouria",Asturias,13.1 (12:20),9.5 (00:00),11.3,122 (12:20),72 (11:30),3.8,0,1,1,1.8
Puerto de Leitariegos,Asturias,4.7 (21:20),1.2 (04:30),2.9,87 (08:20),40 (06:20),19.4,0.4,3,5.6,10.4
Muñotello,Ávila,9.5 (15:50),4.0 (07:50),6.8,72 (22:50),37 (22:00),0.2,0,0,0,0.2
Ávila,Ávila,7.6 (12:10),3.4 (07:00),5.5,38 (16:20),20 (16:30),1.8,0,0,0,1.8
Gotarrendura,Ávila,10.1 (15:50),5.2 (04:10),7.7,42 (22:10),28 (22:10),0.4,0,0,0,0.4
Arevalo,Ávila,9.7 (17:00),6.1 (07:40),7.9,51 (22:50),36 (23:00),0.4,0,0,0,0.4
Rivilla de Barajas,Ávila,9.5 (16:10),5.4 (00:00),7.5,58 (18:30),31 (18:30),0.8,0,0,0,0.8
Navarredonda de Gredos,Ávila,,,,,,,,0,0,0.2
Barco de Avila,Ávila,8.4 (21:10),4.8 (00:00),6.6,58 (23:30),35 (23:30),8.8,0,0,4.6,4.2
Puerto El Pico,Ávila,5.4 (23:00),2.3 (00:00),3.9,48 (17:10),28 (17:00),16,0,0.8,6.4,8.8
Cebreros,Ávila,6.9 (23:20),0.4 (05:20),3.7,16 (17:20),7 (17:20),0.8,0,0,0.2,0.6
Sotillo de la Adrada,Ávila,,,,35 (23:40),13 (23:59),11.9,0,1.3,3.9,6.7
Candeleda,Ávila,10.6 (23:50),6.9 (01:10),8.8,25 (22:50),17 (22:40),51,1.4,6.2,20,23.4
Herrera del Duque,Badajoz,11.9 (15:10),6.9 (01:40),9.4,46 (21:40),21 (20:30),1.4,0.8,0,0.2,0.4
Peraleda del Zaucejo,Badajoz,11.6 (14:40),7.4 (00:00),9.5,32 (14:50),21 (14:50),0.4,0.4,0,0,0
Castuera,Badajoz,,,,31 (20:30),23 (20:50),0.6,0.6,0,0,0
Navalvillar de Pela,Badajoz,13.3 (13:50),8.4 (02:30),10.8,35 (21:10),20 (21:10),1.4,1.4,0,0,0
Don Benito,Badajoz,13.6 (15:30),8.4 (09:00),11,30 (21:50),15 (23:50),0.2,0.2,0,0,0
Llerena,Badajoz,,,,,,,,,,
Villafranca de los Barros,Badajoz,12.4 (14:30),7.8 (08:00),10.1,32 (19:50),20 (21:30),0,0,0,0,0
Mérida,Badajoz,13.3 (15:10),8.4 (08:40),10.8,40 (19:10),18 (20:00),0.1,0.1,0,0,0
Zafra,Badajoz,12.6 (14:50),9.6 (09:40),11.1,39 (18:30),20 (14:10),0.4,0.4,0,0,0
Almendralejo,Badajoz,12.4 (15:50),7.7 (09:00),10,32 (23:20),23 (14:50),0,0,0,0,0
Badajoz Aeropuerto,Badajoz,13.9 (15:10),9.4 (06:50),11.6,35 (23:59),21 (12:40),0,0,0,0,0
Alburquerque,Badajoz,12.8 (15:40),9.5 (07:10),11.2,28 (13:20),14 (15:20),1.8,0,0,0,1.8
Puebla de Obando,Badajoz,11.2 (16:50),8.9 (01:30),10,43 (21:40),27 (21:30),1.2,0.4,0,0,0.8
Badajoz,Badajoz,13.1 (15:30),10.1 (08:50),11.6,33 (19:00),18 (19:00),0.2,0,0,0,0.2
Olivenza,Badajoz,,,,46 (23:00),32 (22:30),0.2,0.2,0,0,0
Alconchel,Badajoz,12.9 (13:40),10.7 (09:40),11.8,33 (21:50),22 (21:50),0,0,0,0,0
Barcarrota,Badajoz,12.3 (15:50),9.9 (07:20),11.1,32 (23:59),15 (22:50),0.2,0.2,0,0,0
Villanueva del Fresno,Badajoz,12.8 (14:50),10.0 (09:20),11.4,27 (23:59),19 (13:20),0.2,0.2,0,0,0
Monesterio,Badajoz,10.0 (12:50),6.6 (06:40),8.3,38 (11:50),21 (11:00),0.2,0.2,0,0,0
Fuente de Cantos,Badajoz,11.7 (12:30),7.6 (07:10),9.6,39 (17:20),28 (23:10),0,0,0,0,0
Jerez de los Caballeros,Badajoz,13.2 (14:20),9.7 (08:50),11.4,78 (09:50),28 (22:40),0.2,0.2,0,0,0
Fregenal de la Sierra,Badajoz,11.6 (14:30),7.6 (06:30),9.6,26 (10:40),13 (10:30),0.2,0.2,0,0,0
Azuaga,Badajoz,11.3 (14:00),6.7 (00:40),9,,,0.8,0.6,0.2,0,0
Pontons,Barcelona,11.8 (14:10),4.0 (08:20),7.9,53 (00:10),33 (00:10),0.2,0,0,0,0.2
Vilafranca del Penedès,Barcelona,14.0 (13:30),1.2 (08:40),7.6,28 (14:20),17 (14:20),0,0,0,0,0
Sitges,Barcelona,14.5 (13:00),5.9 (06:20),10.2,17 (14:40),8 (04:40),0,0,0,0,0
Barcelona Aeropuerto,Barcelona,14.4 (13:20),4.8 (08:00),9.6,37 (14:00),29 (14:00),0,0,0,0,0
Berga,Barcelona,8.9 (15:10),-0.8 (08:30),4,17 (14:30),10 (01:50),,,0,0,0
Balsareny,Barcelona,12.0 (14:50),-3.8 (08:50),4.1,27 (15:30),18 (15:30),0,0,0,0,0
Prat de Lluçanès,Barcelona,,,,,,,,,,
Moià,Barcelona,9.3 (13:30),0.6 (08:00),5,41 (14:40),23 (14:40),0,0,0,0,0
Manresa,Barcelona,12.0 (15:10),-1.7 (07:50),5.1,29 (15:30),11 (15:30),0,0,0,0,0
Monistrol de Montserrat,Barcelona,9.4 (22:20),1.2 (02:00),5.3,,,0,0,0,0,0
Igualada,Barcelona,13.3 (13:20),2.6 (08:40),8,23 (14:20),8 (14:20),0.1,0,0,0,0.1
"Corbera, Pic d'Agulles",Barcelona,12.7 (13:20),3.4 (06:10),8,,,0,0,0,0,0
Barcelona,Barcelona,15.4 (15:00),6.8 (08:20),11.1,31 (00:40),16 (13:00),0,0,0,0,0
"Barcelona, Museo Marítimo",Barcelona,,,,,,,,,,
Caldes de Montbui,Barcelona,14.8 (14:20),-0.8 (08:30),7,28 (15:20),16 (15:10),0,0,0,0,0
Sabadell Aeropuerto,Barcelona,14.8 (15:10),-0.4 (06:30),7.2,27 (14:00),17 (14:00),0,0,0,0,0
Vilassar de Dalt,Barcelona,15.3 (11:40),6.0 (08:20),10.7,26 (15:40),15 (14:50),0,0,0,0,0
Arenys de Mar,Barcelona,14.2 (13:10),4.4 (06:50),9.3,33 (15:20),15 (15:20),0,0,0,0,0
Santa Susana,Barcelona,13.2 (14:10),1.9 (04:20),7.5,,,0,0,0,0,0
Fogars de Montclús,Barcelona,11.1 (14:00),3.4 (04:10),7.3,,,0,0,0,0,0
Lekeitio,Bizkaia,16.9 (21:20),6.8 (06:20),11.8,68 (11:50),32 (14:50),1.5,0,0,1.3,0.2
Forua,Bizkaia,,,,,,,,,,
Machichaco,Bizkaia,,,,63 (09:30),30 (09:40),1.5,0,0,1.4,0.1
Punta Galea,Bizkaia,16.6 (21:00),7.9 (03:50),12.3,65 (20:40),26 (20:50),0.5,0,0.1,0.4,0
Orozko,Bizkaia,14.9 (20:50),7.5 (03:50),11.2,65 (10:10),30 (10:10),0,0,0,0,0
Abadiño,Bizkaia,9.7 (23:59),5.6 (03:40),7.6,,,1.2,0,0,0.6,0.6
Amorebieta--Etxano,Bizkaia,16.6 (21:00),5.5 (06:50),11.1,60 (10:50),28 (21:10),0.2,0,0,0,0.2
Balmaseda,Bizkaia,15.0 (18:10),7.2 (04:00),11.1,,,0,0,0,0,0
Güeñes,Bizkaia,15.7 (20:00),8.0 (03:20),11.8,91 (18:50),46 (21:20),8.7,0,0.4,0,8.3
Bilbao Aeropuerto,Bizkaia,18.1 (21:00),8.1 (04:10),13.1,82 (19:00),45 (21:30),1.5,0,0.2,1,0.3
Coruña del Conde,Burgos,8.0 (13:20),5.2 (03:30),6.6,45 (20:40),29 (21:00),4.2,0.2,1,1,2
Aranda de Duero,Burgos,9.3 (12:40),6.5 (03:10),7.9,48 (18:20),27 (19:10),0.4,0,0.2,0.2,0
Pedrosa del Príncipe,Burgos,,,,,,,,,,
Palacios de la Sierra,Burgos,6.9 (23:10),4.6 (05:20),5.8,61 (22:00),27 (14:30),,,,,
Monterrubio de la Demanda,Burgos,6.2 (23:59),3.5 (06:20),4.8,68 (23:30),41 (22:00),17.4,0.8,0.6,6.6,9.4
Villamayor de los Montes,Burgos,7.9 (21:10),5.3 (04:50),6.6,48 (21:10),34 (21:20),4.6,0,0.4,3.2,1
Burgos Aeropuerto,Burgos,7.9 (21:10),5.5 (05:30),6.7,,,4.2,0,0.4,2.2,1.6
Santa Gadea de Alfoz,Burgos,8.2 (18:40),5.2 (08:10),6.7,,,2.6,0.4,0.4,0.4,1.4
Sargentes de la Lora,Burgos,6.7 (21:00),4.1 (07:20),5.4,76 (15:50),44 (20:40),5.4,0.2,0.4,1.2,3.6
Briviesca,Burgos,9.7 (16:50),6.7 (06:50),8.2,63 (18:40),44 (14:20),2,0,0,1,1
Medina de Pomar,Burgos,12.1 (18:40),8.5 (08:30),10.3,82 (20:20),37 (18:00),0,0,0,0,0
Belorado,Burgos,,,,,,,,,,
Madrigal de la Vera,Cáceres,10.2 (23:59),6.3 (00:00),8.3,25 (22:50),10 (22:40),0,0,0,0,0
Navalmoral de la Mata,Cáceres,12.2 (20:40),7.3 (00:00),9.8,45 (19:30),26 (21:20),5.8,0.2,0.6,4.6,0.4
Garganta de la Olla,Cáceres,10.0 (22:30),5.6 (00:00),7.8,45 (22:40),24 (22:40),53.4,0.2,10.2,19.8,23.2
Serradilla,Cáceres,10.9 (23:59),7.0 (00:00),8.9,38 (23:59),21 (18:10),7.4,0,3.2,2,2.2
Jaraicejo,Cáceres,9.6 (23:10),7.5 (00:00),8.6,46 (19:40),30 (23:00),2.8,0.2,0.2,1.6,0.8
Trujillo,Cáceres,,,,,,,,,,
Cáceres,Cáceres,11.7 (18:00),9.2 (05:30),10.4,54 (15:20),28 (07:20),1,0,0,0.2,0.8
Cañaveral,Cáceres,11.1 (17:00),8.0 (00:00),9.6,33 (18:10),22 (18:10),5.2,0,2.2,0.6,2.4
Nuñomoral,Cáceres,11.7 (23:10),6.4 (00:40),9,30 (23:00),13 (23:00),13,0.4,3,6.6,3
Guijo de Granadilla,Cáceres,10.9 (23:20),7.1 (00:00),9,41 (19:20),25 (17:00),15.8,0.2,1.6,6.4,7.6
Hervás,Cáceres,10.6 (15:10),5.8 (01:50),8.2,59 (19:30),24 (19:30),11.2,0,2,4,5.2
Montehermoso,Cáceres,11.1 (21:10),7.4 (00:00),9.3,34 (18:50),17 (18:50),13.6,0,2.8,4.2,6.6
Tornavacas,Cáceres,7.5 (21:20),4.6 (00:30),6,56 (21:10),37 (20:00),51.8,2.2,9.4,20.6,19.6
Plasencia,Cáceres,10.5 (22:10),6.5 (05:40),8.5,34 (21:20),19 (22:10),11.3,0,4.7,4,2.6
Coria,Cáceres,11.9 (22:40),7.7 (01:30),9.8,37 (14:20),23 (18:30),8,0,1.2,3.6,3.2
Torrecilla de los Angeles,Cáceres,10.6 (21:10),6.5 (00:00),8.6,36 (15:40),18 (22:40),0,0,0,0,0
Hoyos,Cáceres,10.7 (21:10),6.3 (00:00),8.5,50 (15:50),23 (15:50),31.4,4.4,4.8,8.4,13.8
Zarza La Mayor,Cáceres,12.3 (23:59),8.7 (00:20),10.5,40 (22:40),27 (20:30),6,0,1.8,3,1.2
Valverde del Fresno,Cáceres,11.1 (19:00),7.1 (00:00),9.1,33 (15:20),19 (15:30),22.8,7.2,5,7.2,3.4
Aliseda,Cáceres,11.8 (16:50),9.7 (05:10),10.8,41 (12:20),25 (07:10),1.4,0,0,0,1.4
Brozas,Cáceres,10.9 (16:20),8.7 (00:30),9.8,41 (15:50),30 (15:40),2.2,0,0.4,0.8,1
Valencia de Alcántara,Cáceres,12.4 (22:50),8.3 (02:10),10.3,49 (14:50),27 (14:40),1.6,0,0,0.9,0.7
Guadalupe,Cáceres,9.2 (23:59),5.1 (00:00),7.1,31 (20:30),11 (19:00),,,,,
Cañamero,Cáceres,9.8 (15:30),6.0 (00:10),7.9,26 (11:40),14 (21:00),2.4,1.4,0.2,0,0.8
Zorita,Cáceres,10.9 (14:40),7.5 (00:00),9.2,22 (22:20),15 (02:40),0,0,0,0,0
Alcuescar,Cáceres,10.6 (15:10),6.8 (00:00),8.7,33 (15:20),21 (15:20),0.2,0,0.2,0,0
Chipiona,Cádiz,15.8 (12:50),11.6 (00:20),13.7,29 (16:50),17 (19:10),6.2,0,1.4,4.8,0
Grazalema,Cádiz,9.5 (11:10),3.4 (00:30),6.5,29 (19:00),12 (18:50),24.9,0,0.5,9.9,14.5
Olvera,Cádiz,13.1 (11:50),6.8 (02:40),10,39 (23:59),27 (23:59),0.8,0,0,0,0.8
El Bosque,Cádiz,13.4 (11:40),7.5 (00:00),10.4,23 (22:00),15 (07:50),,,0,0.8,3
San José del Valle,Cádiz,14.9 (14:40),10.0 (02:10),12.4,29 (21:40),18 (22:10),0.6,0,0,0,0.6
Jerez de la Frontera Aeropuerto,Cádiz,15.0 (14:10),9.3 (08:20),12.2,37 (15:40),27 (15:40),2.6,0,0.5,1.9,0.2
San Fernando,Cádiz,15.9 (14:10),11.1 (00:40),13.5,35 (14:30),16 (17:30),1,0,0.3,0,0.7
Cádiz,Cádiz,15.6 (22:40),11.9 (00:40),13.8,36 (17:10),25 (14:10),1,0,0.4,0,0.6
Medina Sidonia,Cádiz,15.5 (14:00),8.2 (02:00),11.8,32 (15:20),21 (15:20),0.8,0,0,0,0.8
Vejer de la Frontera,Cádiz,14.5 (12:20),11.4 (00:30),12.9,41 (23:20),25 (22:20),0,0,0,0,0
Barbate,Cádiz,15.8 (14:40),9.3 (00:00),12.6,46 (16:50),32 (22:20),0,0,0,0,0
Tarifa,Cádiz,17.8 (12:40),14.9 (02:50),16.3,37 (22:50),23 (23:59),0,0,0,0,0
Jimena de la Frontera,Cádiz,16.1 (13:40),7.6 (05:30),11.9,28 (12:40),18 (12:20),0.4,0,0,0,0.4
San Roque,Cádiz,18.5 (15:10),11.2 (01:10),14.8,35 (15:10),25 (15:20),,,,,
"Barcena de Cicero, Treto",Cantabria,18.5 (19:30),4.0 (07:50),11.3,57 (19:40),27 (20:20),0.6,0,0.6,0,0
"Soba, Alto Miera",Cantabria,12.0 (19:20),5.8 (00:50),8.9,85 (20:40),37 (18:30),0,0,0,0,0
Santander Aeropuerto,Cantabria,17.9 (19:00),3.4 (06:30),10.6,71 (18:40),41 (16:00),0,0,0,0,0
Santander,Cantabria,17.4 (19:10),8.7 (04:00),13,68 (16:20),42 (16:20),0.2,0,0.2,0,0
Villacarriedo,Cantabria,16.0 (20:30),5.0 (03:50),10.5,75 (08:50),50 (08:50),0,0,0,0,0
"Los Tojos, Bárcena Mayor",Cantabria,15.0 (20:20),0.5 (05:10),7.8,50 (14:00),26 (14:00),0,0,0,0,0
"Torrelavega, Sierrapando",Cantabria,17.2 (20:30),6.2 (06:50),11.7,58 (15:40),35 (15:50),0.2,0,0.2,0,0
San Vicente de la Barquera,Cantabria,18.8 (17:00),6.0 (07:10),12.4,38 (22:40),22 (22:40),0,0,0,0,0
"Camaleño, Fuente De",Cantabria,8.5 (16:20),6.1 (06:40),7.3,51 (13:30),16 (08:40),2.2,0,0.4,0.8,1
"Cillórigo de Liébana, Tama",Cantabria,16.8 (16:30),1.7 (04:50),9.2,50 (09:20),23 (13:40),0,0,0,0,0
Tresviso,Cantabria,12.5 (21:30),3.4 (02:50),8,71 (20:10),40 (13:50),0.2,0,0.2,0,0
"Santillana del Mar, Altamira",Cantabria,16.6 (16:50),5.9 (07:00),11.3,58 (14:20),34 (14:20),0.2,0,0.2,0,0
Reinosa,Cantabria,8.6 (20:20),5.6 (08:30),7.1,92 (19:40),57 (19:20),1.7,0.1,0.2,0.9,0.5
"Valderredible, Cubillo de Ebro",Cantabria,9.6 (18:20),6.8 (07:20),8.2,71 (20:50),37 (20:50),2.8,0.2,0.4,0.6,1.6
"Valderredible, Polientes",Cantabria,9.6 (18:30),7.0 (07:40),8.3,63 (20:50),31 (20:10),1.9,0,0.3,0.6,1
Segorbe,Castelló/Castellón,16.9 (13:40),5.5 (00:00),11.2,32 (12:50),14 (12:50),0,0,0,0,0
Montanejos,Castelló/Castellón,14.0 (13:30),7.3 (09:20),10.7,41 (23:50),23 (16:20),0,0,0,0,0
Villafranca del Cid/Villafranca,Castelló/Castellón,12.9 (14:00),2.9 (08:50),7.9,42 (00:40),26 (05:10),0,0,0,0,0
Atzeneta del Maestrat,Castelló/Castellón,16.7 (13:50),1.9 (08:00),9.3,14 (14:20),8 (15:20),0,0,0,0,0
"Castellón de la Plana, Almazora",Castelló/Castellón,16.0 (13:30),7.0 (01:20),11.5,,,0,0,0,0,0
Torreblanca,Castelló/Castellón,16.9 (12:10),8.1 (06:50),12.5,23 (04:10),19 (05:30),0,0,0,0,0
La Pobla de Benifassà-Fredes,Castelló/Castellón,10.9 (13:20),3.7 (07:50),7.3,56 (00:40),36 (00:10),2,0,0,0,2
Vinaròs,Castelló/Castellón,17.5 (13:20),2.9 (08:00),10.2,21 (15:00),12 (13:30),0.4,0,0,0,0.4
Ceuta,Ceuta,18.9 (15:10),13.2 (01:10),16,33 (15:50),14 (15:50),0,0,0,0,0
Alcazar de San Juan,Ciudad Real,10.5 (15:50),5.9 (05:40),8.2,28 (13:20),13 (15:50),0,0,0,0,0
Tomelloso,Ciudad Real,,,,,,,,,,
Ciudad Real,Ciudad Real,11.6 (14:40),7.3 (04:20),9.5,30 (14:20),15 (15:30),0.2,0.2,0,0,0
Villanueva de los Infantes,Ciudad Real,8.2 (14:40),3.8 (02:40),6,33 (22:50),23 (20:50),1,0.2,0.8,0,0
Valdepeñas,Ciudad Real,10.9 (14:20),6.4 (01:20),8.6,36 (15:00),19 (22:50),0,0,0,0,0
Viso del Marqués,Ciudad Real,11.5 (14:40),7.1 (00:00),9.3,39 (20:40),28 (21:10),0.2,0,0.2,0,0
Abenójar,Ciudad Real,9.2 (14:40),6.0 (02:20),7.6,29 (13:40),16 (13:20),0.6,0.4,0.2,0,0
Puebla de Don Rodrigo,Ciudad Real,10.4 (16:50),5.6 (03:10),8,24 (13:00),14 (15:10),0.8,0.5,0.2,0,0.1
Almadén,Ciudad Real,10.8 (16:30),5.8 (00:20),8.3,44 (23:40),21 (01:10),0.4,0.4,0,0,0
Puertollano,Ciudad Real,10.9 (13:30),7.5 (06:00),9.2,23 (14:10),12 (13:40),0,0,0,0,0
Fuencaliente,Ciudad Real,9.4 (23:30),4.9 (01:30),7.1,27 (23:30),15 (17:10),3,1.6,1.2,0.2,0
Valsequillo,Córdoba,10.7 (13:00),6.6 (00:00),8.6,30 (15:10),18 (15:10),1.8,1.8,0,0,0
Cardeña,Córdoba,8.6 (22:10),5.1 (00:00),6.9,,,2.6,1,0.8,0.4,0.4
Montoro,Córdoba,9.9 (17:10),7.7 (05:10),8.8,14 (11:50),6 (09:20),4.2,0.6,0.8,1,1.8
Villanueva de Córdoba,Córdoba,8.8 (23:59),4.2 (00:00),6.5,32 (23:10),19 (20:50),1,0.8,0.2,0,0
Córdoba,Córdoba,10.1 (21:50),5.7 (05:30),7.9,39 (22:40),23 (22:40),2.2,0.4,1.4,0.2,0.2
Córdoba Aeropuerto,Córdoba,10.5 (23:40),8.0 (00:50),9.3,18 (10:40),13 (11:40),5,0,2.6,0.5,1.9
Priego de Cordoba,Córdoba,13.1 (15:30),7.2 (03:50),10.2,33 (13:00),22 (22:20),,0,,0,2.4
Doña Mencía,Córdoba,12.1 (14:00),7.0 (04:00),9.6,44 (22:10),26 (22:20),2.3,0,1.1,0,1.2
"Córdoba, Prágdena",Córdoba,11.8 (23:59),7.5 (01:20),9.7,20 (23:00),14 (23:00),3.6,0,0.4,0.6,2.6
Espiel,Córdoba,11.3 (22:50),7.0 (00:00),9.2,26 (23:00),10 (22:20),0.6,0,0.6,0,0
Fuente Palmera,Córdoba,10.8 (16:10),7.8 (04:10),9.3,20 (10:10),12 (10:00),3.6,0.2,2,0.2,1.2
Benamejí,Córdoba,12.3 (14:30),7.3 (09:40),9.8,18 (21:30),13 (21:30),2.2,0,0.2,0.6,1.4
Aguilar de la Frontera,Córdoba,14.8 (14:20),8.7 (05:20),11.8,29 (20:40),19 (11:10),3.4,0,0.2,1,2.2
La Rambla,Córdoba,13.0 (16:00),8.4 (07:00),10.7,27 (20:30),19 (20:40),3.6,0,0.4,1.2,2
Beteta,Cuenca,,,,,,,,,,
Tarancón,Cuenca,9.3 (13:50),5.0 (07:00),7.2,36 (13:10),25 (13:10),0.2,0,0,0.2,0
Alcázar del Rey,Cuenca,8.4 (14:00),4.7 (08:30),6.5,32 (17:40),17 (12:00),1,0,0,0.4,0.6
Abia de Obispalia,Cuenca,7.0 (14:30),3.8 (09:00),5.4,31 (22:50),13 (14:30),0.8,0,0,0.2,0.6
Villares del Saz,Cuenca,8.4 (14:40),4.6 (08:20),6.5,,,0,0,0,0,0
Alberca de Zancara,Cuenca,9.2 (14:20),4.4 (05:50),6.8,35 (15:30),17 (15:50),,,,,
Osa de la Vega,Cuenca,9.4 (14:40),4.1 (06:50),6.7,35 (15:10),24 (12:40),0,0,0,0,0
Belmonte,Cuenca,9.7 (14:30),4.9 (06:20),7.3,27 (14:10),14 (16:40),0,0,0,0,0
Cuenca,Cuenca,7.8 (15:00),4.8 (09:40),6.3,30 (15:40),13 (15:40),0.6,0,0,0.2,0.4
Motilla del Palancar,Cuenca,9.8 (14:40),4.8 (07:30),7.3,32 (15:20),21 (14:10),0,0,0,0,0
Salvacañete,Cuenca,6.3 (14:10),3.3 (00:30),4.8,44 (23:00),25 (23:20),1.2,0,0,0,1.2
Mira,Cuenca,10.1 (15:40),5.0 (00:00),7.6,,,0,0,0,0,0
Irún,Gipuzkoa,15.8 (19:40),8.4 (04:50),12.1,68 (16:10),30 (16:10),0,0,0,0,0
San Sebastián Aeropuerto,Gipuzkoa,17.1 (22:30),5.7 (07:40),11.4,63 (17:50),48 (21:20),0,0,0,0,0
Renteria,Gipuzkoa,15.3 (21:20),7.8 (05:00),11.6,88 (22:00),55 (21:20),0,0,0,0,0
Beasain,Gipuzkoa,15.0 (23:50),8.9 (02:50),11.9,61 (23:40),26 (23:30),0.6,0,0,0.4,0.2
Ordizia,Gipuzkoa,14.6 (23:50),10.4 (01:40),12.5,74 (10:40),30 (23:20),0.2,0,0,0,0.2
Zarautz,Gipuzkoa,16.4 (21:30),7.3 (04:30),11.8,,,0.8,0,0,0.8,0
Legazpia,Gipuzkoa,13.4 (21:00),9.8 (01:40),11.6,,,0.8,0,0,0.8,0
Zumarraga,Gipuzkoa,12.8 (21:30),7.6 (02:30),10.2,60 (23:10),17 (23:10),0.2,0,0.1,0,0.1
Azpeitia,Gipuzkoa,15.9 (21:40),7.7 (03:40),11.8,55 (21:40),15 (23:59),0.8,0,0,0.4,0.4
Zumaia,Gipuzkoa,12.4 (14:20),9.5 (17:30),10.9,56 (20:00),43 (20:00),,,2.5,3.2,1.7
Aretxabaleta,Gipuzkoa,14.4 (21:10),10.6 (02:00),12.5,,,0.2,0,0,0.2,0
Elgeta,Gipuzkoa,12.6 (20:20),6.4 (01:50),9.5,52 (18:20),18 (19:20),0.8,0,0,0.6,0.2
Elgoibar,Gipuzkoa,16.2 (21:30),6.6 (03:50),11.4,67 (09:50),25 (10:30),0.1,0,0,0,0.1
Mutriku,Gipuzkoa,16.1 (21:20),8.8 (04:30),12.5,76 (11:40),46 (12:00),1,0,0,0.8,0.2
Blanes,Girona,14.1 (12:30),6.0 (04:00),10.1,44 (15:30),21 (16:50),0,0,0,0,0
"Castell, Platja d'Aro",Girona,14.7 (20:50),2.5 (04:20),8.6,45 (18:00),24 (17:30),0,0,0,0,0
Sant Pau de Segúries,Girona,9.0 (13:30),-4.2 (08:10),2.4,37 (19:10),21 (18:30),0,0,0,0,0
Planoles,Girona,10.5 (13:30),-0.5 (08:00),5,48 (16:00),30 (16:00),0,0,0,0,0
Ripoll,Girona,10.0 (14:40),-3.6 (09:30),3.2,34 (21:20),14 (14:50),0,0,0,0,0
Les Planes d´Hostoles,Girona,13.5 (14:30),-3.5 (07:30),5,60 (20:00),34 (20:00),0,0,0,0,0
Sant Hilari,Girona,11.2 (13:00),-0.4 (04:50),5.4,63 (19:10),37 (19:40),0,0,0,0,0
Girona Aeropuerto,Girona,14.5 (14:50),-0.3 (08:20),7.1,42 (15:00),31 (15:10),0,0,0,0,0
Girona,Girona,,,,,,,,,,
Porqueres,Girona,13.7 (21:00),1.5 (01:30),7.6,45 (20:50),21 (21:40),0,0,0,0,0
L´Estartit,Girona,14.6 (23:30),3.8 (08:40),9.2,37 (23:59),23 (23:59),0,0,0,0,0
La Vall de Bianya,Girona,13.4 (14:10),-4.2 (08:40),4.6,30 (20:30),17 (20:30),0,0,0,0,0
Castello d´Empuries,Girona,14.8 (15:00),0.3 (07:20),7.6,31 (23:20),15 (14:30),0,0,0,0,0
Espolla,Girona,13.7 (14:00),3.7 (02:20),8.7,23 (14:40),14 (14:40),0,0,0,0,0
Figueres,Girona,14.9 (14:30),3.3 (08:30),9.1,32 (23:59),10 (23:59),0,0,0,0,0
La Molina,Girona,3.4 (13:40),-2.0 (03:10),0.7,38 (15:40),22 (09:20),0,0,0,0,0
Baza,Granada,14.4 (15:20),3.5 (08:50),8.9,26 (14:40),17 (14:40),0,0,0,0,0
Granada-Cartuja,Granada,14.1 (13:20),4.5 (04:40),9.3,15 (14:50),7 (14:20),0.2,0,0,0,0.2
Granada Aeropuerto,Granada,14.0 (14:50),1.7 (04:50),7.9,22 (15:50),12 (15:50),0.1,0,0,0,0.1
Loja,Granada,,,,,,,,,,
Lanjarón,Granada,17.4 (14:20),4.9 (08:50),11.1,,,0,0,0,0,0
Salobreña,Granada,18.6 (13:30),7.9 (03:30),13.3,32 (15:10),17 (07:30),0,0,0,0,0
Motril,Granada,18.8 (13:30),11.5 (06:20),15.1,32 (20:50),18 (18:10),,,,,
"Motril, Puerto",Granada,21.5 (10:50),11.4 (06:10),16.4,38 (21:00),21 (19:10),0,0,0,0,0
Castell del Ferro,Granada,17.6 (15:00),10.5 (05:40),14.1,49 (23:00),32 (19:10),0,0,0,0,0
Válor,Granada,,,,,,,0,0,0,
Molina de Aragón,Guadalajara,7.0 (12:20),3.1 (00:10),5,41 (23:20),21 (11:50),0.2,0,0,0,0.2
Zaorejas,Guadalajara,5.2 (16:50),2.4 (02:00),3.8,55 (23:50),29 (23:50),4.2,0,0.6,2,1.6
Pastrana,Guadalajara,7.2 (15:40),4.0 (03:20),5.6,,,2.6,0.2,0,1,1.4
Retiendas,Guadalajara,6.9 (21:00),3.1 (00:00),5,27 (22:50),14 (23:30),5,0.2,0.4,1.4,3
Sigüenza,Guadalajara,6.5 (19:00),3.5 (02:10),5,,,,,,,
Mandayona,Guadalajara,6.4 (18:50),3.5 (01:10),5,,,2.2,0.2,0.4,1.4,0.2
Guadalajara,Guadalajara,8.8 (13:00),5.6 (03:30),7.2,41 (19:20),25 (19:20),2.6,0,0,2.2,0.4
Brihuega,Guadalajara,6.9 (16:10),3.9 (00:20),5.4,,,3.2,0.2,0,2.4,0.6
El Pedregal,Guadalajara,7.9 (12:00),2.2 (01:20),5.1,48 (13:20),28 (13:10),0,0,0,0,0
Aroche,Huelva,,,,,,,,,,
El Granado,Huelva,14.3 (16:30),10.3 (09:10),12.3,,,0.6,0.4,0.2,0,0
Ayamonte,Huelva,16.1 (14:10),9.2 (08:40),12.7,26 (00:10),14 (00:20),3,2.9,0.1,0,0
Cartaya,Huelva,15.4 (14:10),11.3 (08:40),13.3,23 (02:40),13 (05:20),1.2,1,0.2,0,0
Alajar,Huelva,11.3 (14:30),8.6 (08:30),10,34 (21:10),15 (20:40),4.4,4.2,0.2,0,0
Valverde del Camino,Huelva,14.4 (14:20),9.7 (00:00),12,,,3.2,3.2,0,0,0
El Cerro de Andévalo,Huelva,13.8 (14:10),10.4 (00:00),12.1,,,2,1.8,0,0,0.2
"Alosno, Tharsis",Huelva,13.5 (13:20),10.1 (06:30),11.8,25 (20:00),16 (20:00),2.2,2,0.2,0,0
El Campillo,Huelva,12.5 (14:40),8.8 (09:00),10.7,23 (21:10),13 (21:00),2.2,2,0.2,0,0
Villarrasa,Huelva,13.9 (16:30),10.4 (07:40),12.1,15 (10:00),9 (10:10),7.2,7.2,0,0,0
"Huelva, Ronda Este",Huelva,16.2 (14:40),11.0 (09:00),13.6,19 (05:10),13 (05:00),6.8,5,1.8,0,0
Cala,Huelva,11.3 (12:50),7.3 (08:20),9.3,28 (22:50),12 (23:40),2.8,2.6,0.2,0,0
Almonte,Huelva,16.8 (13:10),10.2 (00:40),13.5,26 (11:00),19 (10:50),1.6,0,0.2,1.4,0
"Moguer, El Arenosillo",Huelva,16.5 (11:30),14.2 (01:30),15.3,33 (04:00),22 (04:00),0.7,0.7,0,0,0
Jaca,Huesca,8.3 (13:50),2.2 (07:20),5.3,20 (05:10),9 (18:30),19.1,0,0,2.2,16.9
"Valle de Hecho, Hecho",Huesca,8.5 (14:10),3.3 (06:20),5.9,26 (11:30),16 (11:30),18,0.2,0,2.6,15.2
Aragüés del Puerto,Huesca,7.5 (14:20),3.7 (22:10),5.6,30 (22:10),20 (22:10),15.4,0,0,3.4,12
Bailo,Huesca,8.7 (14:00),3.4 (00:30),6,39 (16:40),27 (16:50),6.6,0,0,0.2,6.4
Biescas,Huesca,6.5 (15:00),-1.7 (08:00),2.4,27 (18:50),9 (19:00),16.4,0,0,3.2,13.2
Sabiñánigo,Huesca,9.6 (14:40),1.5 (07:40),5.6,17 (22:50),9 (17:20),13,0,0,0.2,12.8
Almudévar,Huesca,8.8 (14:20),-0.9 (05:00),4,28 (12:00),20 (11:40),3.2,0,0,0.2,3
Sopeira,Huesca,,,,,,,,,,
Benabarre,Huesca,8.1 (13:10),-0.4 (07:10),3.9,16 (13:20),10 (14:00),2.2,0,0,0,2.2
Bielsa,Huesca,7.0 (15:40),-1.9 (02:40),2.6,27 (15:50),12 (13:20),12.4,0,0,0.8,11.6
Ainsa,Huesca,7.8 (15:00),-1.2 (02:50),3.3,15 (23:40),12 (23:50),8.2,0,0,0,8.2
Torla,Huesca,,,,9 (16:20),4 (00:20),17,0,0,1.4,15.6
Benasque,Huesca,,,,11 (18:50),5 (13:20),4.6,0,0,0,4.6
Seira,Huesca,6.1 (15:50),-2.4 (08:10),1.8,8 (05:50),1 (09:10),6.2,0,0,0,6.2
Capella,Huesca,7.6 (15:10),-2.4 (06:10),2.6,10 (15:30),6 (15:30),2.8,0,0,0,2.8
Barbastro,Huesca,9.4 (16:00),-1.1 (07:30),4.1,12 (03:40),7 (03:30),1.8,0,0,0,1.8
Sariñena,Huesca,,,,,,,,,0.6,2.6
"Sariñena, Depósito agua",Huesca,8.8 (14:20),-1.2 (07:30),3.8,18 (11:40),12 (11:40),2.4,0,0,0,2.4
Huesca Aeropuerto,Huesca,9.9 (11:40),4.4 (00:00),7.1,26 (21:50),18 (22:00),3.5,0,0,0,3.5
Huesca,Huesca,8.4 (15:30),1.0 (05:20),4.7,,,3.4,0,0,0,3.4
Lanaja,Huesca,7.9 (16:00),2.2 (09:10),5.1,30 (00:20),19 (00:20),3.8,0,0,0,3.8
Ballobar,Huesca,9.2 (14:50),-1.5 (08:10),3.8,15 (04:20),8 (04:20),1.2,0,0,0,1.2
Tamarite de Litera,Huesca,9.6 (14:50),-2.4 (08:40),3.6,12 (17:00),8 (20:40),1.5,0,0.1,0,1.4
Fraga,Huesca,8.4 (15:10),-0.1 (08:30),4.1,14 (05:30),8 (05:30),0.8,0,0,0,0.8
"Escorca, Lluc",Illes Balears,16.3 (13:50),0.8 (05:00),8.5,30 (20:50),11 (20:40),0,0,0,0,0
Banyalbufar,Illes Balears,16.2 (22:10),10.7 (07:00),13.5,,,0,0,0,0,0
"Calvià, Son Vic Nou",Illes Balears,18.2 (14:30),5.4 (01:00),11.8,24 (15:10),14 (13:20),0,0,0,0,0
"Palma de Mallorca, Puerto",Illes Balears,,,,,,,,,0,0
"Palma de Mallorca, Universidad",Illes Balears,17.5 (13:40),2.3 (02:50),9.9,24 (15:10),13 (15:40),0,0,0,0,0
"Palma de Mallorca, Aeropuerto",Illes Balears,,,,,,,,0,0,0
"Llucmajor, Cap Blanc",Illes Balears,15.4 (13:10),10.6 (08:00),13,39 (23:30),20 (23:10),0,0,0,0,0
Llucmajor,Illes Balears,15.4 (15:10),6.3 (01:20),10.8,,,0,0,0,0,0
Porreres,Illes Balears,16.2 (11:40),8.1 (07:40),12.2,30 (15:40),17 (15:20),0,0,0,0,0
"Campos, Can Sion",Illes Balears,16.8 (14:20),3.2 (06:20),10,25 (15:30),14 (14:10),0,0,0,0,0
"Campos, Salines Llevant",Illes Balears,15.9 (14:30),5.5 (05:00),10.7,35 (14:10),26 (14:10),,0,,0,0
Portocolom,Illes Balears,17.4 (14:30),10.8 (00:40),14.1,35 (15:50),17 (16:40),0,0,0,0,0
Son Servera,Illes Balears,17.9 (11:20),8.2 (08:00),13,33 (23:59),16 (23:59),0,0,0,0,0
Artà-Molí den Leu,Illes Balears,18.0 (15:10),7.3 (02:00),12.7,,,0,0,0,0,0
Capdepera,Illes Balears,18.0 (13:20),11.7 (01:00),14.8,34 (19:20),26 (02:30),0,0,0,0,0
Artà-Colònia de Sant Pere,Illes Balears,17.4 (15:30),9.8 (07:00),13.6,,,0,0,0,0,0
"Muro, S'Albufera",Illes Balears,18.7 (15:00),4.9 (07:30),11.8,,,0,0,0,0,0
Manacor,Illes Balears,17.2 (15:00),7.5 (08:30),12.4,30 (15:50),22 (15:50),0,0,0,0,0
Sineu,Illes Balears,16.4 (14:30),7.3 (07:30),11.8,28 (15:40),14 (15:40),0,0,0,0,0
Binissalem,Illes Balears,16.8 (14:10),5.0 (04:00),10.9,35 (15:30),22 (15:50),0,0,0,0,0
"Escorca, Son Torrella",Illes Balears,12.3 (16:00),0.3 (04:50),6.3,,,0,0,0,0,0
Sa Pobla,Illes Balears,18.2 (14:40),4.4 (07:40),11.3,31 (23:10),15 (23:40),0,0,0,0,0
Pollença,Illes Balears,19.0 (13:40),3.5 (02:10),11.3,20 (15:50),10 (13:20),0,0,0,0,0
Pollença Aeródromo,Illes Balears,18.7 (16:00),4.5 (04:20),11.6,18 (17:40),13 (17:50),0,0,0,0,0
Es Mercadal,Illes Balears,15.1 (14:10),9.3 (02:30),12.2,36 (23:50),25 (23:59),0,0,0,0,0
Ciutadella,Illes Balears,15.7 (15:00),7.4 (03:20),11.5,,,0,0,0,0,0
Menorca  Aeropuerto,Illes Balears,15.5 (12:30),6.4 (05:20),11,37 (23:59),25 (23:50),0,0,0,0,0
Sant Joan de Labritja,Illes Balears,16.8 (15:10),4.6 (00:20),10.7,,,0,0,0,0,0
"Eivissa/Ibiza, Aeropuerto",Illes Balears,18.2 (13:10),12.1 (01:20),15.2,39 (02:30),27 (11:50),0,0,0,0,0
Cazorla,Jaén,11.4 (15:20),5.8 (06:50),8.6,12 (06:20),6 (09:30),,,,,
Torres,Jaén,11.1 (15:10),4.6 (01:30),7.9,,,0.6,0,0.4,0.2,0
Arroyo del Ojanco,Jaén,10.0 (17:00),5.9 (07:10),8,24 (18:40),15 (17:40),1.9,0,0.6,0.1,1.2
Villarrodrigo,Jaén,,,,,,,,,,
Villanueva del Arzobispo,Jaén,,,,,,,,,,
Santa Elena,Jaén,8.3 (23:30),4.9 (00:20),6.6,26 (19:20),14 (19:10),2.2,0,0.6,0.8,0.8
Jaén,Jaén,12.1 (15:00),5.9 (04:10),9,51 (23:59),26 (23:59),0.6,0,0.2,0,0.4
Linares,Jaén,9.2 (21:50),5.8 (00:00),7.5,9 (19:10),5 (19:10),4.4,0.8,0.6,1,2
Bailén,Jaén,9.7 (16:20),6.9 (02:10),8.3,9 (10:20),5 (10:30),3.8,0.6,0.4,0.6,2.2
Andújar,Jaén,9.2 (16:50),6.7 (02:30),7.9,14 (12:40),8 (12:40),3.8,0.8,0.5,0.5,2
Alcalá La Real,Jaén,9.8 (15:50),4.6 (01:50),7.2,25 (23:00),14 (23:00),2.2,0,0.6,0,1.6
Haro,La Rioja,11.7 (23:50),4.6 (04:20),8.1,,,0,0,0,0,0
Anguiano,La Rioja,7.5 (10:50),5.8 (07:10),6.7,,,24,0,0.4,11,12.6
Nájera,La Rioja,6.8 (14:30),0.7 (08:50),3.8,21 (19:50),11 (19:50),0,0,0,0,0
Cenicero,La Rioja,7.2 (23:59),2.9 (08:50),5,21 (12:30),10 (11:50),0,0,0,0,0
Logroño Aeropuerto,La Rioja,7.0 (14:50),-0.6 (08:30),3.2,17 (18:30),11 (18:40),0,0,0,0,0
Enciso,La Rioja,9.8 (23:40),4.5 (09:30),7.2,55 (19:40),35 (15:10),0,0,0,0,0
Alfaro,La Rioja,12.7 (23:40),-3.4 (08:10),4.6,39 (23:59),28 (23:59),0.2,0,0.2,0,0
Lanzarote Aeropuerto,Las Palmas,20.0 (11:00),12.5 (04:30),16.3,22 (03:50),18 (03:50),0,0,0,0,0
Haría,Las Palmas,18.3 (12:30),7.7 (06:50),13,29 (16:40),16 (12:50),0,0,0,0,0
Tinajo,Las Palmas,17.3 (13:00),7.7 (07:10),12.5,19 (13:30),12 (22:00),0,0,0,0,0
Pájara,Las Palmas,21.1 (17:00),15.2 (05:00),18.2,20 (11:30),11 (12:30),0,0,0,0,0
Tuineje,Las Palmas,,,,,,,0,0,0,
Antigua,Las Palmas,,,,,,,0,0,,
Fuerteventura Aeropuerto,Las Palmas,20.0 (13:40),11.3 (06:30),15.7,24 (07:40),17 (06:30),,,,,
La Oliva,Las Palmas,,,,,,,,,,
"La Oliva, Puerto de Corralejo",Las Palmas,19.2 (10:30),13.1 (07:40),16.2,22 (18:10),13 (22:10),0,0,0,0,0
Vega de San Mateo,Las Palmas,13.1 (12:20),4.3 (02:10),8.7,22 (10:10),10 (09:30),0,0,0,0,0
"Tejeda, Cruz de Tejeda",Las Palmas,16.3 (16:20),6.2 (01:00),11.2,37 (23:50),24 (23:00),,,,,
Agaete,Las Palmas,,,,,,,0,0,0,
La Aldea de San Nicolás,Las Palmas,20.9 (14:30),8.8 (04:40),14.8,,,,0,,0,0
"San Bartolome Tirajana, Cuevas del Pinar",Las Palmas,,,,,,,0,0,,
"San Bartolome Tirajana, Lomo Pedro Alfonso",Las Palmas,,,,,,,0,0,,
La Aldea de San Nicolás,Las Palmas,,,,,,,0,0,0,
"Mogán, Puerto Rico",Las Palmas,,,,,,,0,0,0,
"Mogán, Puerto",Las Palmas,20.2 (10:40),13.6 (07:40),16.9,48 (00:10),17 (05:40),0,0,0,0,0
"San Bartolome Tirajana, Las Tirajanas",Las Palmas,16.1 (13:40),7.6 (02:10),11.9,19 (12:50),8 (12:50),0,0,0,0,0
"Maspalomas, C. Insular Turismo",Las Palmas,,,,,,,0,0,0,
"San Bartolome Tirajana, El Matorral",Las Palmas,19.2 (13:00),11.3 (07:00),15.3,25 (13:40),15 (13:20),0,0,0,0,0
Agüimes,Las Palmas,,,,,,,0,0,,
"Telde, Centro Forestal Doramas",Las Palmas,16.7 (11:50),9.0 (07:00),12.9,23 (13:10),13 (13:10),0,0,0,0,0
Gran Canaria Aeropuerto,Las Palmas,20.1 (14:10),14.3 (08:00),17.2,32 (23:10),21 (23:20),0,0,0,0,0
"Telde, Melenara",Las Palmas,19.3 (13:50),11.6 (04:30),15.4,19 (12:30),14 (07:00),0,0,0,0,0
Teror,Las Palmas,15.3 (14:30),3.6 (06:20),9.5,15 (12:20),11 (19:50),0,0,0,0,0
"Las Palmas de Gran Canaria, Tafira",Las Palmas,17.3 (12:00),10.8 (08:00),14,18 (14:20),8 (08:10),0,0,0,0,0
"Las Palmas de Gran Canaria, San Cristobal",Las Palmas,20.8 (10:30),15.2 (08:00),18,20 (04:40),15 (04:30),0,0,0,0,0
"Las Palmas de Gran Canaria, Pl. de la Feria",Las Palmas,19.0 (10:10),14.6 (08:10),16.8,17 (13:40),9 (14:10),0,0,0,0,0
Arucas,Las Palmas,,,,,,,0,0,0,
Maspalomas,Las Palmas,20.5 (14:10),13.0 (06:30),16.8,31 (23:10),21 (23:10),0,0,0,0,0
Villablino,León,8.2 (23:59),5.2 (00:40),6.7,78 (16:10),41 (17:10),22.8,1.4,4,5,12.4
Ponferrada,León,12.1 (14:10),7.3 (03:40),9.7,36 (18:40),15 (18:10),6.2,0,0.4,2.8,3
Vega de Espinareda,León,8.7 (15:40),5.4 (04:50),7,,,9.2,0,1.4,1.8,6
Riaño,León,7.0 (19:00),4.0 (07:10),5.5,59 (14:10),31 (15:00),13,0.6,0.4,4.4,7.6
Cubillas de Rueda,León,7.5 (16:50),4.2 (04:40),5.8,53 (19:00),31 (15:20),2.6,0.2,0.6,0.4,1.4
Puerto de San Isidro,León,5.2 (16:10),1.8 (10:00),3.5,69 (15:00),39 (07:30),9.4,0,0.6,3.8,5
León Aeropuerto,León,8.4 (16:10),2.8 (05:00),5.6,52 (17:20),27 (14:20),2.8,0.4,0,0.4,2
Valencia de Don Juan,León,8.8 (17:50),5.3 (08:10),7.1,51 (15:50),37 (16:30),0.4,0,0,0.4,0
"Sena de Luna, Miñera",León,6.4 (14:40),3.8 (09:50),5.1,67 (18:20),33 (18:20),10,1.8,4.2,4,0
"Quintana del Castillo, Villameca",León,7.8 (23:59),3.4 (08:30),5.6,70 (23:59),37 (23:59),6.2,0.8,0.2,2,3.2
Astorga,León,9.4 (16:50),2.9 (03:50),6.1,67 (14:20),35 (15:30),0.8,0.2,0,0,0.6
Lagunas de Somoza,León,,,,,,,,0,0.1,1
Bustillo del Páramo,León,8.5 (16:10),2.9 (03:50),5.7,55 (16:00),35 (13:50),0.8,0,0.2,0,0.6
Martinet,Lleida,7.7 (14:40),-6.7 (08:30),0.5,27 (15:30),14 (14:30),0.2,0,0,0,0.2
La Seo d´Urgell,Lleida,,,,6 (15:00),3 (13:30),0.4,0,0,0,0.4
Josa i Tuixén,Lleida,7.4 (12:40),-2.5 (08:00),2.5,22 (23:59),14 (23:59),0.8,0,0,0,0.8
Coll de Nargó,Lleida,9.2 (14:00),-3.1 (09:20),3,16 (01:50),8 (03:00),1,0,0,0,1
Torà,Lleida,9.1 (14:50),-3.3 (00:30),2.9,,,0.6,0,0.2,0,0.4
Artesa de Segre,Lleida,8.5 (15:40),-2.6 (05:50),3,,,0.8,0,0,0,0.8
Esterri d´Àneu,Lleida,4.5 (14:40),-7.1 (08:30),-1.3,8 (19:20),4 (10:50),0,0,0,0,0
Torre de Cabdella,Lleida,6.2 (12:40),-1.7 (05:30),2.2,,,2.2,0,0,0,2.2
Talarn,Lleida,6.3 (11:50),-1.0 (04:40),2.7,18 (16:30),9 (03:40),2.8,0,0,0,2.8
Llimiana,Lleida,6.0 (13:30),-3.6 (08:10),1.2,12 (17:00),9 (17:00),1.2,0,0,0,1.2
Granyanella,Lleida,9.4 (14:10),1.1 (07:00),5.2,,,0.4,0,0,0,0.4
Tàrrega,Lleida,10.2 (14:00),0.1 (01:40),5.1,13 (12:40),6 (12:40),0.5,0,0,0,0.5
Os de Balaguer,Lleida,10.2 (13:50),0.3 (05:00),5.2,23 (02:50),14 (02:50),1,0,0,0,1
Mollerussa,Lleida,9.9 (15:40),-1.3 (08:50),4.3,17 (03:30),10 (03:30),0.6,0,0,0,0.6
La Vall de Boi,Lleida,6.2 (14:30),-4.7 (08:30),0.8,15 (15:10),8 (15:20),4.4,0,0,0,4.4
Lleida,Lleida,9.7 (15:20),-0.9 (08:10),4.4,16 (05:30),11 (19:20),0.4,0,0,0,0.4
La Pobla de Cérvoles,Lleida,12.5 (14:10),2.9 (09:00),7.7,,,0.6,0,0,0,0.6
El Soleràs,Lleida,10.6 (13:50),1.8 (08:10),6.2,,,0.8,0,0,0,0.8
"Naut Aran, Arties",Lleida,7.4 (13:50),-3.0 (05:40),2.2,18 (07:00),4 (02:30),0.2,0,0.1,0,0.1
Bossòst,Lleida,,,,,,,,,,
Cervantes,Lugo,9.0 (21:00),4.8 (03:10),6.9,64 (17:30),25 (17:30),19.8,0.8,2.6,7.2,9.2
Ribadeo,Lugo,15.4 (15:00),9.4 (00:00),12.4,71 (16:30),39 (17:30),2.8,0,0.2,0.8,1.8
Mondoñedo,Lugo,14.0 (14:00),10.3 (01:20),12.2,,,9.4,0,2.2,4.4,2.8
Burela,Lugo,15.3 (13:40),10.3 (00:00),12.8,,,4.6,0,0.6,3.2,0.8
Lugo Aeropuerto,Lugo,11.0 (20:40),7.3 (00:50),9.2,48 (06:10),22 (20:40),15.2,0,2,6.2,7
Lugo,Lugo,11.0 (20:10),6.1 (01:50),8.5,50 (21:00),24 (21:00),11.4,0,0.8,5.6,5
O Páramo,Lugo,11.9 (20:00),8.6 (00:00),10.3,,,10.2,0.2,1.2,3,5.8
Becerreá,Lugo,7.7 (20:30),3.8 (01:40),5.7,82 (17:40),35 (12:10),18.2,0.2,2,4.8,11.2
Folgoso do Courel,Lugo,11.1 (21:20),7.4 (00:10),9.3,,,16.4,0.8,1.2,8.2,6.2
Monforte de Lemos,Lugo,12.7 (21:10),7.7 (05:20),10.2,36 (17:00),15 (17:00),13.8,0.6,2,6.8,4.4
Puerto de Navacerrada,Madrid,1.7 (23:00),0.2 (05:00),1,65 (22:30),35 (23:40),10,0.2,0,5.6,4.2
Aranjuez,Madrid,12.5 (13:00),6.3 (02:10),9.4,26 (14:30),8 (14:10),0.5,0,0,0.5,0
Buitrago del Lozoya,Madrid,5.2 (22:50),2.0 (08:20),3.6,16 (17:10),8 (17:30),6,0.6,0.1,2.7,2.6
Somosierra,Madrid,,,,,,,,,,
San Sebastián de Los Reyes,Madrid,,,,,,3.6,0,0.2,2.6,0.8
"Madrid, El Goloso",Madrid,7.9 (23:50),4.8 (00:50),6.4,26 (23:10),11 (22:00),4.8,0,0.4,3.4,1
Madrid Aeropuerto,Madrid,9.9 (13:00),7.0 (02:10),8.4,59 (12:10),18 (11:20),2.3,0,0,2.3,0
Alcala de Henares,Madrid,10.0 (12:00),6.7 (01:10),8.3,36 (19:50),18 (12:00),1.4,0,0,1.2,0.2
Arganda del Rey,Madrid,10.9 (14:20),6.7 (03:00),8.8,30 (23:59),18 (23:00),1.4,0,0,1.4,0
Colmenar Viejo,Madrid,5.6 (20:20),2.4 (04:00),4,44 (21:50),24 (21:50),2.3,0.1,0.1,0.8,1.3
"Madrid, Ciudad Universitaria",Madrid,8.6 (23:59),6.0 (00:50),7.3,29 (23:59),11 (22:00),3.3,0,0,2.8,0.5
Pozuelo de Alarcón,Madrid,8.6 (23:59),5.8 (00:00),7.2,,,5,0,0.2,4,0.8
Madrid,Madrid,,,,,,,,0,3,0.2
Tielmes,Madrid,11.1 (14:20),6.9 (04:30),9,,,1.6,0,0,1.4,0.2
Puerto Alto del León,Madrid,3.4 (09:40),1.2 (09:20),2.3,47 (03:00),21 (03:00),2.7,0,0,1.7,1
Alpedrete,Madrid,6.6 (21:10),3.1 (05:20),4.8,16 (22:40),7 (22:30),2.6,0,0,2,0.6
Rozas de Puerto Real,Madrid,7.6 (23:40),4.1 (00:00),5.8,,,13.2,0,3,5.8,4.4
Valdemorillo,Madrid,7.2 (23:50),2.9 (05:10),5,35 (21:20),20 (20:30),4.4,0.2,0.4,0.8,3
Ronda,Málaga,16.7 (11:50),5.2 (00:40),11,25 (22:50),9 (09:30),0.2,0,0,0,0.2
Ronda Instituto,Málaga,13.1 (12:40),5.2 (00:50),9.2,25 (22:40),9 (22:40),0,0,0,0,0
Cortes de la Frontera,Málaga,15.9 (12:20),7.8 (02:00),11.8,15 (15:10),5 (11:30),1.4,0,0,0,1.4
Alpandeire,Málaga,14.1 (12:30),6.5 (05:40),10.3,24 (23:59),12 (12:30),2.4,0,0,0.2,2.2
Gaucín,Málaga,13.6 (12:40),5.9 (06:30),9.8,53 (23:59),21 (02:40),0.8,0,0,0,0.8
Manilva,Málaga,16.3 (13:40),10.2 (06:10),13.2,41 (12:00),27 (12:00),0.2,0.2,0,0,0
Estepona,Málaga,17.9 (13:10),11.3 (07:10),14.6,44 (12:40),27 (13:20),0,0,0,0,0
Benahavis,Málaga,18.4 (13:00),8.8 (07:40),13.6,38 (10:30),20 (10:30),0,0,0,0,0
"Marbella, Puerto",Málaga,16.7 (11:10),10.4 (07:20),13.6,48 (13:50),40 (13:50),0,0,0,0,0
Marbella,Málaga,16.4 (12:00),11.8 (01:40),14.1,47 (15:50),37 (22:10),0,0,0,0,0
Fuengirola,Málaga,,,,,,,,0,0,0
Torremolinos,Málaga,19.9 (14:30),13.3 (00:00),16.6,51 (06:10),29 (05:20),0,0,0,0,0
Antequera,Málaga,15.7 (13:40),0.1 (08:40),7.9,23 (14:00),9 (14:20),0,0,0,0,0
Álora,Málaga,18.5 (13:50),10.4 (00:00),14.4,28 (14:00),17 (16:40),0,0,0,0,0
Coín,Málaga,20.9 (14:20),8.6 (01:20),14.8,,,0,0,0,0,0
Málaga Aeropuerto,Málaga,21.2 (14:30),13.1 (00:00),17.2,46 (01:00),34 (03:10),0,0,0,0,0
"Málaga, Centro Meteorológico",Málaga,20.7 (14:10),11.9 (00:50),16.3,32 (06:00),19 (03:20),0,0,0,0,0
Málaga,Málaga,19.9 (15:00),12.6 (01:10),16.3,34 (04:50),19 (08:50),0,0,0,0,0
Rincon de la Victoria,Málaga,19.9 (11:00),11.9 (08:20),15.9,,,0,0,0,0,0
Vélez-Málaga,Málaga,21.3 (13:10),9.4 (06:50),15.3,,,0,0,0,0,0
Algarrobo,Málaga,18.5 (12:30),9.7 (07:00),14.1,26 (15:20),16 (13:20),0,0,0,0,0
Torrox,Málaga,18.9 (10:40),10.2 (07:20),14.5,37 (16:50),31 (16:50),0,0,0,0,0
Nerja,Málaga,17.9 (14:50),11.4 (03:00),14.6,18 (14:50),10 (14:30),0,0,0,0,0
Fuente de Piedra,Málaga,14.8 (13:10),7.4 (00:00),11.1,27 (14:10),18 (14:10),0.2,0,0,0,0.2
Águilas,Murcia,18.1 (12:40),7.8 (02:00),13,16 (14:00),10 (13:50),0,0,0,0,0
Cartagena,Murcia,17.5 (12:50),8.3 (02:50),12.9,22 (18:00),11 (18:00),0,0,0,0,0
Fuente Álamo de Murcia,Murcia,18.7 (14:40),5.1 (09:00),11.9,,,0,0,0,0,0
Torre-Pacheco,Murcia,18.9 (14:00),5.6 (08:40),12.2,16 (15:50),9 (15:50),0,0,0,0,0
San Javier Aeropuerto,Murcia,17.9 (12:20),5.8 (03:20),11.8,21 (00:30),16 (00:30),0,0,0,0,0
Moratalla,Murcia,13.3 (14:40),6.5 (06:20),9.9,,,0,0,0,0,0
Caravaca de La Cruz,Murcia,16.2 (12:50),5.9 (09:00),11.1,24 (09:40),14 (08:50),0,0,0,0,0
Calasparra,Murcia,18.0 (14:30),5.3 (01:50),11.7,13 (08:10),9 (08:10),0,0,0,0,0
Bullas,Murcia,14.7 (14:50),6.5 (02:30),10.6,,,0,0,0,0,0
Jumilla,Murcia,16.4 (16:00),4.3 (05:40),10.3,29 (13:00),18 (13:00),0,0,0,0,0
Cieza,Murcia,18.1 (15:40),5.1 (04:30),11.6,18 (10:40),13 (10:40),0,0,0,0,0
Archena,Murcia,19.7 (15:10),7.5 (07:10),13.6,,,0,0,0,0,0
Mula,Murcia,18.9 (13:30),6.6 (05:20),12.7,23 (06:30),16 (06:30),0,0,0,0,0
Murcia,Murcia,20.7 (14:40),6.0 (02:40),13.4,13 (01:50),10 (02:50),0,0,0,0,0
"Caravaca de La Cruz, Los Royos",Murcia,13.0 (15:00),4.3 (08:40),8.7,,,0,0,0,0,0
"Lorca, Zarcilla de Ramos",Murcia,17.0 (14:30),7.9 (07:30),12.5,30 (11:00),21 (11:00),0,0,0,0,0
Lorca,Murcia,,,,,,,,0,0,0
Puerto Lumbreras,Murcia,18.4 (15:00),8.2 (07:00),13.3,,,0,0,0,0,0
Totana,Murcia,19.2 (14:10),7.2 (08:10),13.2,23 (03:10),10 (03:10),0,0,0,0,0
Alhama de Murcia,Murcia,19.7 (14:50),5.0 (05:40),12.4,23 (21:20),15 (21:30),0,0,0,0,0
Molina de Segura,Murcia,19.2 (16:00),7.9 (09:00),13.6,28 (02:20),18 (00:40),0,0,0,0,0
Abanilla,Murcia,19.7 (14:30),8.9 (06:30),14.3,,,0,0,0,0,0
Yecla,Murcia,15.4 (15:20),7.4 (07:20),11.4,66 (04:10),27 (00:20),0,0,0,0,0
"Baztan, Irurita",Navarra,13.0 (13:20),1.4 (06:20),7.2,46 (12:20),24 (12:20),0.1,0.1,0,0,0
Bera,Navarra,15.3 (22:20),5.6 (07:20),10.5,54 (21:50),20 (22:20),0,0,0,0,0
Areso,Navarra,10.9 (10:10),8.0 (01:10),9.4,58 (09:40),31 (13:10),1,0.2,0,0.4,0.4
Los Arcos,Navarra,8.3 (21:10),1.7 (08:50),5,18 (16:40),12 (16:40),0.6,0,0,0.4,0.2
Sartaguda,Navarra,14.7 (20:10),0.9 (08:30),7.8,32 (20:10),22 (20:10),0,0,0,0,0
Isaba/Izaba,Navarra,11.4 (15:10),6.6 (05:00),9,46 (11:10),22 (11:10),18.7,0,0,4.9,13.8
Oroz-Betelu/Orotz-Betelu,Navarra,9.6 (15:10),3.4 (00:00),6.5,62 (18:10),34 (16:30),3.8,0.2,0,1.2,2.4
Roncesvalles,Navarra,5.5 (13:40),1.4 (05:00),3.4,49 (16:50),23 (10:30),2.4,0.2,0,0.5,1.7
Navascués/Nabaskoze,Navarra,10.2 (15:20),2.5 (02:40),6.3,,,0.6,0,0,0,0.6
Cáseda,Navarra,11.2 (14:10),1.6 (03:20),6.4,56 (21:40),35 (21:50),2,0,0,1.4,0.6
Olite/Erriberri,Navarra,11.0 (13:40),3.0 (05:30),7,40 (21:20),25 (21:20),0,0,0,0,0
"Esteribar, Eugui",Navarra,9.1 (13:40),3.9 (00:00),6.5,,,1.4,0,0,0.4,1
Monreal/Elo,Navarra,9.3 (14:20),5.8 (07:30),7.6,57 (20:40),44 (17:50),1.4,0,0,0,1.4
Pamplona Aeropuerto,Navarra,11.0 (23:00),3.7 (07:20),7.4,50 (21:40),37 (22:40),0.8,0,0,0,0.8
"Aranguren, Ilundain",Navarra,6.4 (16:40),0.0 (05:10),3.2,47 (23:50),27 (23:20),0.2,0,0,0,0.2
Irurtzun,Navarra,10.0 (15:00),6.3 (09:00),8.2,37 (14:10),23 (09:00),2.4,0.2,0,1,1.2
Larraga,Navarra,9.8 (15:00),-0.2 (09:10),4.8,53 (19:50),41 (20:10),0.2,0,0,0.2,0
Cadreita,Navarra,12.6 (23:50),-3.2 (08:50),4.7,41 (23:59),22 (13:20),0,0,0,0,0
"Bardenas Reales, Base Aérea",Navarra,11.0 (13:50),1.4 (01:00),6.2,48 (20:00),34 (22:40),0.4,0,0,0,0.4
Monteagudo,Navarra,13.2 (22:30),9.2 (00:50),11.2,,,0,0,0,0,0
Tudela,Navarra,12.8 (11:20),1.9 (03:40),7.4,43 (03:20),15 (10:50),0,0,0,0,0
Luzaide/Valcarlos,Navarra,13.4 (13:50),9.6 (00:00),11.5,54 (23:20),26 (23:30),1.4,0,0,0.4,1
O Barco de Valdeorras,Ourense,14.3 (21:10),9.2 (04:00),11.8,,,,,,,
A Pobra de Trives,Ourense,9.9 (20:50),6.3 (00:50),8.1,73 (22:00),30 (15:30),15.8,0,2.4,7.2,6.2
Chandrexa de Queixa,Ourense,8.4 (21:50),5.2 (00:00),6.8,94 (22:00),58 (13:00),21.4,0,3.4,8.2,9.8
Ourense,Ourense,14.2 (20:20),9.3 (03:20),11.8,42 (20:10),18 (20:00),16.6,0,2.2,8.4,6
Beariz,Ourense,11.0 (19:50),7.2 (00:00),9.1,,,67,0.2,12.8,30.4,23.6
"Carballiño, O",Ourense,12.1 (20:10),8.1 (00:30),10.1,42 (20:10),14 (20:10),23.2,0.3,7.2,12.3,3.4
Ribadavia,Ourense,13.9 (20:20),8.3 (02:00),11.1,,,21.6,0.6,5.2,9.2,6.6
Allariz,Ourense,12.1 (20:20),7.6 (00:50),9.9,,,8.2,0,1.4,2.2,4.6
Xinzo de Limia,Ourense,11.1 (20:20),7.3 (06:20),9.2,61 (15:10),32 (15:40),14.5,0,3.2,5.4,5.9
Muiños,Ourense,10.2 (20:00),7.1 (01:30),8.6,,,30.8,0.2,3.6,17,10
A Gudiña,Ourense,8.1 (22:30),5.1 (02:10),6.6,,,19.4,0,4.8,5.2,9.4
Verín,Ourense,11.5 (14:50),6.8 (01:30),9.2,,,9,0,0.2,3,5.8
Cervera de Pisuerga,Palencia,6.2 (18:30),3.4 (05:50),4.8,95 (19:50),43 (18:50),28.8,3.6,3.2,4,18
Aguilar de Campoo,Palencia,8.0 (17:30),5.4 (07:30),6.7,53 (14:50),26 (14:50),4.6,0.4,0.4,1,2.8
Villaeles de Valdavia,Palencia,7.3 (17:10),4.7 (06:30),6,66 (19:30),46 (23:50),5,0,0.6,1.8,2.6
"Velilla del Río Carrión, Camporredondo de Alba",Palencia,3.1 (17:40),0.4 (05:40),1.7,93 (17:20),59 (16:30),15.4,3,1.8,3,7.6
Carrión de los Condes,Palencia,,,,,,,,,,
Autilla del Pino,Palencia,8.3 (21:10),5.2 (07:30),6.8,60 (22:20),45 (22:20),1.4,0,0,0.5,0.9
Palencia,Palencia,9.0 (22:40),5.8 (04:20),7.4,,,2.4,0,0.2,0.6,1.6
"Santervás de la Vega, Villapún",Palencia,7.0 (17:10),4.2 (06:30),5.6,65 (18:20),37 (16:40),,0,0.6,1.4,
Silleda,Pontevedra,11.8 (19:10),7.9 (00:00),9.9,59 (20:00),28 (19:40),30.6,0.2,9.4,17.2,3.8
A Estrada,Pontevedra,12.6 (19:00),9.3 (00:20),11,,,52.6,0.4,16.2,27,9
VilagarcÍa de Arousa,Pontevedra,13.8 (21:30),11.0 (00:00),12.4,64 (13:40),36 (13:40),29.8,0.2,11.6,16.6,1.4
Pontevedra,Pontevedra,14.0 (19:10),10.5 (00:00),12.3,47 (08:10),20 (15:40),18.4,0,3.4,7,8
A Lama,Pontevedra,11.9 (19:20),8.4 (00:00),10.1,63 (17:50),28 (19:40),62.4,0,13.4,29.2,19.8
Vigo Aeropuerto,Pontevedra,13.1 (20:00),9.2 (00:00),11.2,84 (14:10),52 (14:10),,0,4.8,,5.3
Vigo,Pontevedra,13.5 (13:10),11.2 (00:00),12.3,54 (13:30),27 (13:50),24.4,0,4.4,15.4,4.6
A Cañiza,Pontevedra,11.1 (19:50),7.6 (00:00),9.4,,,48.4,1.8,8.8,24.2,13.6
"Ponteareas, Canedo",Pontevedra,13.6 (20:00),9.8 (00:00),11.7,,,0,0,0,0,0
O Rosal,Pontevedra,14.1 (23:00),11.5 (00:00),12.8,,,0,0,0,0,0
"La Covatilla, estación de esquí",Salamanca,2.0 (16:20),-0.1 (02:00),0.9,,,37.4,0,1.6,16.8,19
Pedrosillo de Los Aires,Salamanca,8.5 (23:40),5.1 (00:00),6.8,63 (22:10),36 (17:30),1.8,0,0,0.4,1.4
Pedraza de Alba,Salamanca,9.7 (15:20),6.2 (00:00),7.9,56 (17:30),30 (17:30),0.8,0,0,0.4,0.4
Salamanca Aeropuerto,Salamanca,9.7 (15:10),6.1 (02:20),7.9,55 (16:40),39 (16:10),0,0,0,0,0
Salamanca,Salamanca,,,,,,,,0,0.6,0.1
Barbadillo,Salamanca,9.5 (21:00),6.2 (00:00),7.8,56 (23:00),33 (18:50),1.8,0.2,0,1,0.6
Ledesma,Salamanca,9.1 (17:30),6.3 (00:00),7.7,53 (19:50),30 (20:20),2.8,0.8,0.4,1.2,0.4
Villarino de los Aires,Salamanca,9.5 (16:10),6.9 (00:30),8.2,60 (20:20),33 (21:20),3.6,0.2,0.8,1.6,1
Boadilla Fuente San Esteban,Salamanca,10.2 (14:30),7.2 (03:10),8.7,54 (20:50),35 (23:50),0.6,0,0,0.4,0.2
Vitigudino,Salamanca,9.0 (16:50),6.3 (00:00),7.7,81 (18:10),40 (18:20),7,1.6,0.4,2.6,2.4
El Maíllo,Salamanca,8.8 (14:40),6.2 (00:10),7.5,64 (22:00),44 (22:00),2.6,0,0.2,1.4,1
Bañobárez,Salamanca,9.5 (14:50),6.6 (01:30),8,46 (18:20),27 (15:00),2.6,0,0,2.6,0
Navasfrías,Salamanca,8.7 (18:10),6.1 (00:00),7.4,52 (22:50),27 (21:00),28,2.2,2,16.4,7.4
El Bodón Base Aérea,Salamanca,9.5 (14:50),5.9 (00:20),7.7,47 (15:00),32 (15:00),1.4,0,0,0.8,0.6
Saelices El Chico,Salamanca,10.3 (14:10),6.6 (00:00),8.5,51 (23:00),24 (21:40),0.4,0,0,0.4,0
Fresno de Cantespino,Segovia,9.5 (13:30),5.2 (08:30),7.3,47 (20:00),31 (20:00),3.2,0.6,0.4,1,1.2
Aldeanueva de Serrezuela,Segovia,6.9 (13:20),4.5 (03:10),5.7,64 (20:10),42 (21:00),5.6,0.8,0.4,1.6,2.8
"La Pinilla, estación de esquí",Segovia,3.3 (22:30),0.4 (06:40),1.8,96 (22:50),48 (19:20),18.2,3.6,0.4,6.6,7.6
Pedraza,Segovia,9.6 (13:10),5.5 (01:50),7.6,47 (19:50),24 (19:40),1.6,0,0.4,1,0.2
Cuéllar,Segovia,9.0 (12:30),6.2 (05:40),7.6,34 (23:59),14 (21:00),5.6,0,0.4,3,2.2
Segovia,Segovia,10.1 (11:20),6.8 (07:10),8.5,47 (18:40),27 (19:20),1.2,0,0,0.8,0.4
San Rafael,Segovia,6.4 (22:30),2.5 (05:30),4.5,,,1.8,0,0,1,0.8
Miguelañez,Segovia,9.2 (11:50),6.7 (07:40),7.9,47 (17:50),33 (17:50),1.4,0,0,0.6,0.8
La Roda de Andalucía,Sevilla,15.7 (13:40),7.8 (00:00),11.8,28 (21:00),13 (13:10),1,0,0,0.2,0.8
Lora de Estepa,Sevilla,14.7 (13:30),8.5 (05:10),11.6,,,2.6,0,0,0.8,1.8
Écija,Sevilla,,,,,,,,,,
La Puebla de los Infantes,Sevilla,11.8 (23:40),8.0 (01:20),9.9,10 (23:50),7 (23:50),4.6,0.6,3.6,0.2,0.2
Fuentes de Andalucía,Sevilla,13.7 (14:40),9.5 (10:50),11.6,36 (23:40),25 (20:00),2.8,0,1.8,0,1
Carmona,Sevilla,13.0 (23:50),9.1 (05:40),11.1,23 (04:40),14 (04:40),5.2,0.8,4.4,0,0
Cazalla de la Sierra,Sevilla,10.0 (21:20),7.4 (00:10),8.7,26 (22:30),14 (23:59),2.6,1.7,0.9,0,0
Guadalcanal,Sevilla,9.0 (13:40),7.1 (00:00),8,34 (22:20),21 (22:30),2.4,2,0.4,0,0
Sevilla Aeropuerto,Sevilla,14.4 (21:20),10.4 (09:10),12.4,24 (23:20),17 (23:10),2.8,0.4,2.3,0.1,0
"Sevilla, Tablada",Sevilla,14.0 (16:20),9.9 (08:10),11.9,17 (21:10),8 (21:00),0.6,0.2,0.4,0,0
Morón de la Frontera,Sevilla,15.7 (11:20),10.6 (04:50),13.2,30 (15:20),19 (15:20),4.8,0,0,3.9,0.9
Carrión de los Céspedes,Sevilla,13.5 (15:50),9.8 (08:40),11.7,14 (09:50),7 (04:50),3,1.6,1.4,0,0
Las Cabezas de San Juan,Sevilla,14.4 (14:00),11.2 (03:00),12.8,32 (21:40),22 (21:40),3.6,0,0.6,2.6,0.4
Osuna,Sevilla,16.0 (12:30),10.3 (05:30),13.2,31 (12:10),22 (13:20),0.6,0,0,0.4,0.2
Vinuesa,Soria,6.3 (23:20),3.9 (08:30),5.1,32 (23:20),10 (22:00),27.8,4,2.6,10.8,10.4
"La Póveda de Soria, Barriomartín",Soria,5.4 (23:00),3.1 (07:30),4.3,49 (16:50),27 (16:50),23.6,0.8,1.2,9.6,12
Soria,Soria,5.8 (15:00),3.5 (00:50),4.7,36 (22:30),19 (19:40),8,0.8,0,2.4,4.8
Lubia,Soria,5.6 (14:20),2.5 (00:00),4,39 (19:10),24 (19:10),6.8,1.2,0.2,2,3.4
Morón de Almazán,Soria,6.8 (20:10),3.6 (02:10),5.2,54 (13:40),35 (13:40),0.4,0,0,0.2,0.2
La Riba de Escalote,Soria,6.6 (23:10),3.2 (00:00),4.9,61 (13:20),43 (13:30),0,0,0,0,0
Ucero,Soria,7.0 (14:40),4.7 (00:00),5.8,,,8.2,1.2,1.2,3.2,2.6
Burgo de Osma,Soria,8.6 (14:40),5.2 (04:10),6.9,39 (14:40),27 (14:40),0.2,0.2,0,0,0
Liceras,Soria,8.5 (13:50),4.2 (07:50),6.3,58 (23:00),36 (23:00),1.2,0.2,0,0.8,0.2
Ólvega,Soria,6.6 (18:40),3.5 (00:00),5,68 (21:20),41 (21:20),2.2,0,0,0.2,2
San Pedro Manrique,Soria,6.9 (23:00),3.8 (00:40),5.4,72 (20:20),37 (20:20),3.8,0.2,0,1.4,2.2
Arcos de Jalón,Soria,8.5 (15:40),5.0 (03:20),6.8,62 (21:30),37 (21:20),0.2,0,0,0,0.2
Almazul,Soria,6.7 (21:00),3.2 (00:10),4.9,63 (14:50),40 (23:30),1,0,0,0.4,0.6
Puntagorda,Santa Cruz de Tenerife,15.6 (17:10),9.8 (03:40),12.7,17 (23:50),11 (10:10),0,0,0,0,0
Tijarafe,Santa Cruz de Tenerife,14.0 (11:20),10.2 (23:30),12.1,17 (15:00),13 (02:00),0,0,0,0,0
El Paso,Santa Cruz de Tenerife,15.6 (12:50),3.3 (07:50),9.5,17 (13:20),12 (13:10),0,0,0,0,0
Tazacorte,Santa Cruz de Tenerife,19.9 (13:30),15.2 (07:50),17.5,23 (08:20),14 (08:20),0,0,0,0,0
La Palma Aeropuerto,Santa Cruz de Tenerife,20.2 (12:10),14.9 (04:00),17.6,24 (16:40),15 (07:30),0,0,0,0,0
San Andrés y Sauces,Santa Cruz de Tenerife,17.8 (11:50),11.5 (23:40),14.6,19 (07:20),14 (02:30),0,0,0,0,0
"Vallehermoso, Alto Igualero",Santa Cruz de Tenerife,14.5 (12:20),7.0 (01:30),10.8,33 (23:00),28 (23:00),0,0,0,0,0
"Vallehermoso, Chipude C.F.",Santa Cruz de Tenerife,14.0 (12:10),8.2 (07:10),11.1,36 (23:50),24 (23:50),0,0,0,0,0
Agulo,Santa Cruz de Tenerife,15.3 (11:30),8.7 (08:20),12,15 (11:30),10 (20:30),0,0,0,0,0
"Vallehermoso, Dama",Santa Cruz de Tenerife,,,,,,,0,0,,
Hermigua,Santa Cruz de Tenerife,,,,,,,0,0,,
San Sebastián de la Gomera,Santa Cruz de Tenerife,21.7 (12:10),14.4 (07:50),18.1,31 (13:20),13 (13:50),0,0,0,0,0
"La Orotava, Cañadas Teide",Santa Cruz de Tenerife,15.4 (16:00),-0.4 (04:20),7.5,23 (15:30),15 (19:30),0,0,0,0,0
Adeje,Santa Cruz de Tenerife,,,,,,,0,0,,
Arico,Santa Cruz de Tenerife,18.1 (12:30),10.1 (07:20),14.1,27 (13:40),16 (14:20),0,0,0,0,0
Tenerife Sur Aeropuerto,Santa Cruz de Tenerife,20.4 (13:50),13.6 (06:00),17,33 (14:40),22 (13:50),0,0,0,0,0
Izaña,Santa Cruz de Tenerife,9.8 (14:00),4.3 (06:10),7.1,31 (18:50),24 (19:00),0,0,0,0,0
Candelaria,Santa Cruz de Tenerife,16.4 (12:10),8.7 (06:30),12.5,21 (12:50),14 (00:10),0,0,0,0,0
"San Cristóbal de La Laguna,Llano de los Loros",Santa Cruz de Tenerife,16.0 (12:30),6.5 (08:00),11.3,28 (21:40),22 (21:40),0,0,0,0,0
Tenerife Norte Aeropuerto,Santa Cruz de Tenerife,15.2 (14:00),8.9 (23:59),12,24 (12:10),19 (21:30),0,0,0,0,0
Sta.Cruz de Tenerife,Santa Cruz de Tenerife,19.4 (14:30),12.7 (07:30),16,27 (15:10),14 (15:10),0,0,0,0,0
Anaga,Santa Cruz de Tenerife,20.8 (15:00),11.6 (08:00),16.2,27 (13:10),12 (13:10),0,0,0,0,0
La Victoria de Acentejo,Santa Cruz de Tenerife,17.5 (10:40),6.3 (07:10),11.9,25 (02:10),19 (02:10),0,0,0,0,0
Tacoronte,Santa Cruz de Tenerife,,,,,,,0,0,,
Puerto de la Cruz,Santa Cruz de Tenerife,21.2 (15:10),13.3 (06:20),17.3,19 (15:50),13 (15:50),0,0,0,0,0
San Juan de la Rambla,Santa Cruz de Tenerife,15.8 (14:30),11.4 (07:50),13.6,21 (22:30),13 (12:20),0,0,0,0,0
Los Silos,Santa Cruz de Tenerife,,,,,,,0,0,,
"El Pinar, Depósito",Santa Cruz de Tenerife,12.8 (10:50),4.7 (07:30),8.8,20 (00:40),7 (01:10),0,0,0,0,0
Valverde,Santa Cruz de Tenerife,14.6 (09:40),3.4 (06:50),9,19 (18:20),13 (18:20),0,0,0,0,0
Hierro Aeropuerto,Santa Cruz de Tenerife,20.2 (11:50),16.1 (07:30),18.2,30 (21:20),22 (21:20),0,0,0,0,0
"Frontera, Sabinosa",Santa Cruz de Tenerife,20.2 (10:40),14.7 (04:00),17.5,20 (14:30),12 (08:00),0,0,0,0,0
Vandellós,Tarragona,16.0 (11:10),8.9 (07:40),12.4,33 (00:10),12 (00:10),0.5,0,0,0,0.5
Alforja,Tarragona,14.8 (14:00),7.5 (20:00),11.2,42 (02:00),24 (02:10),0.6,0,0,0,0.6
Reus Aeropuerto,Tarragona,,,,,,,,,,
Valls,Tarragona,14.9 (13:50),3.6 (00:00),9.2,,,0.2,0,0,0,0.2
Tarragona,Tarragona,15.3 (13:50),5.8 (07:50),10.6,19 (13:50),8 (14:20),0.2,0,0,0,0.2
Llorac,Tarragona,9.8 (13:50),-2.8 (08:40),3.5,32 (13:20),23 (13:30),0.2,0,0,0,0.2
Horta de Sant Joan,Tarragona,15.0 (14:40),3.8 (08:40),9.4,,,0.8,0,0,0,0.8
La Pobla de Massaluca,Tarragona,13.4 (13:40),4.6 (04:00),9,23 (01:30),19 (01:30),0,0,0,0,0
Cabacés,Tarragona,15.3 (14:00),3.3 (08:40),9.3,17 (01:00),7 (00:50),0.8,0,0,0,0.8
Rasquera,Tarragona,15.4 (15:00),2.0 (08:50),8.7,13 (00:30),9 (02:40),0.6,0,0,0,0.6
Tortosa,Tarragona,17.3 (15:20),4.6 (00:30),10.9,18 (08:10),11 (08:10),0.4,0,0,0,0.4
Sant Jaume d'Enveja,Tarragona,,,,,,,,0,0,0.6
Albarracín,Teruel,8.4 (13:30),0.9 (05:50),4.6,29 (15:20),19 (18:00),0,0,0,0,0
Teruel,Teruel,11.3 (14:00),-1.2 (06:50),5.1,31 (23:10),18 (14:30),0,0,0,0,0
Jabaloyas,Teruel,5.0 (14:10),2.0 (00:40),3.5,53 (23:50),24 (23:50),1,0,0,0,1
Cedrillas,Teruel,5.9 (13:50),0.5 (08:20),3.2,40 (23:10),27 (23:20),0,0,0,0,0
Mosqueruela,Teruel,9.1 (13:20),1.0 (08:10),5.1,50 (00:50),32 (01:30),0,0,0,0,0
"Teruel, Santa Eulalia del Campo",Teruel,9.9 (12:50),1.7 (07:50),5.8,27 (14:30),17 (20:50),0,0,0,0,0
Calamocha,Teruel,10.7 (13:00),3.4 (07:00),7,37 (13:00),19 (13:10),0,0,0,0,0
Fonfría,Teruel,6.9 (12:50),1.6 (07:30),4.3,51 (11:30),30 (11:30),0.4,0,0,0,0.4
Muniesa,Teruel,12.2 (13:10),3.7 (07:20),7.9,43 (23:00),28 (23:00),0,0,0,0,0
Montalbán,Teruel,11.1 (16:00),2.3 (07:00),6.7,35 (18:10),15 (18:20),0,0,0,0,0
Hijar,Teruel,14.3 (13:20),3.2 (05:40),8.8,20 (13:40),14 (13:40),0.2,0,0,0,0.2
Andorra,Teruel,12.9 (13:50),4.6 (08:40),8.7,56 (05:00),44 (05:00),0,0,0,0,0
Castellote,Teruel,14.4 (13:10),6.4 (00:00),10.4,44 (00:50),23 (00:50),0,0,0,0,0
Calanda,Teruel,16.7 (14:10),3.5 (07:10),10.1,,,0,0,0,0,0
Alcañiz,Teruel,16.6 (13:50),0.4 (07:50),8.5,22 (15:10),8 (15:20),0.5,0,0,0,0.5
Valderrobres,Teruel,15.2 (14:40),-0.4 (09:00),7.4,26 (12:50),12 (12:50),1,0,0,0,1
Bello,Teruel,8.7 (12:40),2.7 (06:40),5.7,47 (15:10),26 (22:50),0,0,0,0,0
Ocaña,Toledo,10.4 (12:50),5.2 (04:40),7.8,40 (14:00),28 (14:10),0.2,0,0,0.2,0
Tembleque,Toledo,11.5 (14:30),5.2 (03:00),8.3,,,0,0,0,0,0
Mora,Toledo,11.0 (12:30),4.6 (05:10),7.8,39 (13:00),22 (21:00),0,0,0,0,0
Toledo,Toledo,12.7 (12:10),5.3 (06:00),9,39 (12:00),25 (14:30),0,0,0,0,0
San Pablo de los Montes,Toledo,,,,55 (15:00),34 (15:00),2.2,0,0,0,2.2
Navahermosa,Toledo,9.8 (18:10),7.5 (04:00),8.7,,,0,0,0,0,0
Castillo de Bayuela,Toledo,9.4 (23:59),6.2 (09:30),7.8,,,17,0,1.6,10.6,4.8
Talavera de la Reina,Toledo,11.0 (23:59),7.2 (00:00),9.1,35 (22:00),19 (22:00),5.2,0.4,0.2,2.8,1.8
Oropesa,Toledo,11.0 (21:40),6.8 (00:00),8.9,,,8.8,1,1.4,4.6,1.8
Quintanar de la Orden,Toledo,10.2 (15:40),5.4 (05:10),7.8,42 (14:40),22 (15:10),0,0,0,0,0
Madridejos,Toledo,,,,,,,,,,
Puerto del Rey,Toledo,9.2 (18:40),5.5 (00:00),7.3,,,1.8,0.6,0.6,0.2,0.4
Oliva,València/Valencia,20.2 (13:40),11.9 (08:40),16.1,31 (15:20),14 (15:30),0,0,0,0,0
Barx,València/Valencia,15.7 (13:50),7.4 (08:10),11.5,27 (03:00),13 (03:00),0,0,0,0,0
Jalance,València/Valencia,15.7 (14:50),6.5 (00:20),11.1,33 (08:40),15 (08:40),0,0,0,0,0
Bicorp,València/Valencia,17.5 (14:40),9.3 (09:00),13.4,40 (13:40),19 (18:00),0,0,0,0,0
Carcaixent,València/Valencia,19.9 (15:20),4.7 (09:00),12.3,26 (15:20),15 (15:30),0,0,0,0,0
Utiel,València/Valencia,11.1 (15:50),5.0 (08:30),8.1,68 (11:30),25 (14:50),0,0,0,0,0
Buñol,València/Valencia,12.2 (13:40),5.9 (08:50),9,45 (01:50),24 (02:00),0,0,0,0,0
Polinyà de Xúquer,València/Valencia,18.5 (15:40),12.2 (00:20),15.3,23 (01:00),11 (09:50),0,0,0,0,0
Turís,València/Valencia,17.4 (13:50),10.1 (08:40),13.8,,,0,0,0,0,0
Chelva,València/Valencia,,,,,,,,,,
Lliria,València/Valencia,17.6 (13:20),8.3 (08:00),13,40 (15:40),24 (03:10),0,0,0,0,0
Valencia Aeropuerto,València/Valencia,18.9 (14:20),10.9 (08:00),14.9,46 (04:00),35 (15:40),0,0,0,0,0
Valencia,València/Valencia,19.8 (14:20),12.8 (09:20),16.3,36 (14:00),13 (11:10),0,0,0,0,0
Peñafiel,Valladolid,9.0 (12:30),6.6 (02:50),7.8,,,4.4,0.2,0,2.2,2
Sardón de Duero,Valladolid,10.0 (22:10),6.7 (02:50),8.3,51 (22:40),33 (19:40),1.8,0.2,0,1,0.6
Valladolid,Valladolid,8.7 (16:30),5.5 (03:50),7.1,36 (17:20),13 (17:00),5.2,0,0.4,1.2,3.6
"Olmedo, Depósito de Agua",Valladolid,9.5 (17:50),6.0 (00:00),7.8,60 (19:10),42 (19:10),0.2,0,0,0,0.2
Olmedo,Valladolid,10.2 (18:00),6.4 (00:00),8.3,47 (22:00),23 (18:10),0.2,0.1,0,0,0.1
Rueda,Valladolid,9.6 (17:20),5.6 (02:40),7.6,,,0.6,0,0.4,0,0.2
Fuente el Sol,Valladolid,10.1 (17:20),6.1 (00:00),8.1,58 (17:30),41 (17:30),0.2,0,0,0,0.2
Villalón de Campos,Valladolid,9.0 (16:40),5.3 (04:10),7.2,60 (17:10),45 (18:30),1.6,0,0,0.2,1.4
Medina de Rioseco,Valladolid,9.4 (16:00),6.3 (03:50),7.8,59 (22:50),39 (22:10),0.6,0,0.2,0.2,0.2
Morales del Toro,Zamora,10.1 (15:20),5.8 (02:00),8,48 (12:20),35 (20:20),1.6,0.2,0.2,0.2,1
Fuentesauco,Zamora,9.0 (21:10),5.8 (00:00),7.4,64 (21:10),42 (21:10),1.4,0.4,0,0.2,0.8
Villafáfila,Zamora,9.7 (15:50),5.9 (05:30),7.8,48 (19:40),35 (18:50),0.8,0,0.2,0.2,0.4
Zamora,Zamora,10.1 (17:20),7.0 (01:30),8.6,41 (21:30),17 (21:30),1.4,0.2,0,0.6,0.6
Benavente,Zamora,9.5 (15:50),6.5 (06:20),8,49 (14:20),24 (12:30),0.6,0,0,0.2,0.4
Puebla de Sanabria,Zamora,8.0 (16:20),5.1 (01:20),6.5,,,14.2,0,2.8,4.8,6.6
Villardeciervos,Zamora,8.5 (16:00),6.1 (03:20),7.3,79 (20:40),36 (20:40),12,2,0.6,3,6.4
Santibañez de Vidriales,Zamora,9.4 (15:50),6.0 (02:40),7.7,51 (16:20),32 (16:20),1,0,0,0.2,0.8
Pozuelo de Tabara,Zamora,9.4 (15:30),6.7 (03:20),8,55 (23:20),38 (11:50),6.6,0,0.8,4.8,1
Villadepera,Zamora,8.8 (16:20),6.2 (00:00),7.5,76 (21:00),53 (21:00),2.4,0,0.8,0.8,0.8
Fresno de Sayago,Zamora,8.6 (16:40),5.9 (00:00),7.3,65 (21:00),48 (18:40),3.6,0.6,0.6,1.6,0.8
Alcañices,Zamora,8.4 (23:59),6.1 (02:20),7.2,66 (22:40),43 (21:00),10.8,0,0.8,7.8,2.2
Sos del Rey Católico,Zaragoza,,,,,,,0,0,,
Tarazona,Zaragoza,13.1 (12:30),8.8 (01:00),11,51 (09:40),32 (09:40),0,0,0,0,0
Ejea de los Caballeros,Zaragoza,10.4 (13:20),1.7 (03:50),6,26 (16:00),7 (14:30),4.8,0,0,1.6,3.2
Castejon de Valdejasa,Zaragoza,,,,,,,0,0,,
Alhama de Aragon,Zaragoza,10.3 (13:10),5.2 (00:00),7.8,,,0,0,0,0,0
Daroca,Zaragoza,10.4 (15:10),6.1 (05:00),8.2,46 (11:20),21 (11:20),0,0,0,0,0
Calatayud,Zaragoza,12.6 (12:00),4.5 (02:00),8.6,50 (23:00),27 (23:10),0,0,0,0,0
La Almunia de Doña Godina,Zaragoza,14.0 (12:30),8.8 (01:50),11.4,41 (21:40),22 (21:40),0,0,0,0,0
"Zaragoza, Valdespartera",Zaragoza,12.4 (14:00),3.1 (05:00),7.7,32 (20:00),21 (20:00),1,0,0,0,1
"Zaragoza, Canal",Zaragoza,12.3 (15:20),1.6 (08:20),7,19 (20:10),10 (12:30),1,0,0,0,1
Leciñena,Zaragoza,12.9 (14:30),1.3 (06:40),7.1,29 (23:40),17 (23:40),4,0,0,0.4,3.6
Valmadrid,Zaragoza,13.5 (13:10),6.9 (07:10),10.2,35 (00:10),22 (00:30),0,0,0,0,0
Quinto,Zaragoza,13.2 (15:10),-0.6 (06:30),6.3,21 (18:00),14 (18:00),1.2,0,0,0,1.2
Caspe,Zaragoza,12.5 (15:30),0.3 (08:40),6.4,,,0.8,0,0,0,0.8
Bujaraloz,Zaragoza,,,,,,,,0,,
